A,B,E1,AE1
8.762403229514984,1.1886068434376038,0.817533244391949,1.2331984835486152
8.665429132248086,1.375510819922273,0.8268304180784792,1.2348870696606498
8.533291405029773,1.486831217039177,0.8346334248345103,1.238359017557472
8.461825555246461,1.6740377925271865,0.8359169971618802,1.2276366629466853
8.252428447210464,1.8696460020464845,0.8470954052326148,1.227243411052438
8.151954921474744,2.0174244010972338,0.8513183928924338,1.210294345188923
8.001388211728663,2.1054054557972077,0.8414286347823139,1.1937079924898286
7.8663006242197175,2.223315732605225,0.8420657924176325,1.1738056652610394
7.826467561855066,2.3353859599498095,0.8294886682855374,1.154789074023683
7.653484588181711,2.4653047342054655,0.8396297440380599,1.1487000622669095
7.501979488731667,2.5079964695081824,0.8541662896907962,1.1376432491225845
7.343487248193631,2.6723219777126657,0.8618821431586203,1.1316159572105131
7.199283029704329,2.757437677719764,0.8733169814226173,1.1262860914386776
7.063298645102978,2.9012910781854138,0.8780931296110918,1.1244213144444921
6.925550058211939,2.954398211753598,0.8879581958883179,1.1219612550992384
6.890044950561599,3.112703219943159,0.8984706707403468,1.1125010459959233
6.8370894551911645,3.2293489717667083,0.9091277993262068,1.1075487249688019
6.7344219365419615,3.363161875100022,0.9162423249123368,1.1048787807715517
6.614604431946104,3.48622654337231,0.9159447697419297,1.110974381213566
6.469560500684474,3.6281149553249947,0.9096778637299846,1.0964357136071559
6.378264282839272,3.589660559354831,0.9075504180654803,1.0787153820422886
6.227474418937913,3.6963902638113826,0.9205256722483621,1.0730899733110277
6.047395359629152,3.6392980777508006,0.9445753071524176,1.0552889209172613
5.927448355721,3.7704350280936207,0.9524302653206325,1.0477023492560078
5.8403917149973354,3.8276285504439898,0.9705213679962092,1.0202796262812037
5.660207638685898,3.854008217050739,0.97409964471164,0.9983547745926558
5.546468113665407,3.9256735076250693,0.9801125160923413,0.98562195339593
5.569786398176292,4.111486324480825,0.9891019122462331,0.9806895445534828
5.518670082559248,4.320097641298126,1.0018604779790412,0.9900565660472239
5.40195495319526,4.4862066085114165,1.01448179466961,0.9981683172247436
5.42738712779857,4.773667853135457,1.0232396462495543,1.0003037451785382
5.373304527377752,4.859637609064932,1.034893058898449,0.9960507624015935
5.283686127274077,4.927425310374423,1.0516998292641042,0.9954507688517041
5.163179541796826,5.081274308718694,1.0767204627878402,0.9756690495427762
5.000231602721995,5.101856511893419,1.1000244694477777,0.9570876595788097
4.877989453606027,5.198189543552359,1.1097811489960647,0.9537339770047388
4.816786439911079,5.1968493779859575,1.1123691390858363,0.9106389910843761
4.588383624599548,5.143519684196145,1.0906975135461268,0.905551187444691
4.45449561265871,5.2511335930233445,1.0764089649229116,0.8956188973554802
4.4403454416085175,5.404352762289907,1.0750827595536654,0.9035523593057612
4.332854776226228,5.48570117698877,1.079669898477995,0.9038661308697618
4.281546944060127,5.555647063730232,1.0846713888546002,0.8894917405094165
4.283533304418542,5.700237271469415,1.1007290298947905,0.8876031010982051
4.19638980162704,5.766006507720718,1.1061784151203993,0.8740562046460818
4.027987399366018,5.954984316416185,1.1226466988544737,0.8642673274830298
3.9612872093935247,6.025672829183419,1.1520879499935,0.8295841707556224
3.861587362460927,6.1256981307174625,1.170966536670056,0.8081049750229753
3.7801344855332384,6.220074608035407,1.1961702854315988,0.7903200808104943
3.7454006017187447,6.350474039374073,1.2128137565516628,0.7757533077973389
3.5841981060030164,6.409666309417557,1.222760955971545,0.7815942488050767
3.506834675750786,6.47066568225189,1.2397267065678363,0.7752159726139539
3.4269331411760264,6.513177542794832,1.2533487127558007,0.7740520199774921
3.3879977269598776,6.520212617071468,1.2659084904487752,0.7642878253386218
3.3388790694154897,6.560116672195783,1.2797780807945784,0.7562710346443465
3.2482657940162776,6.63886031244679,1.2764871169688206,0.7526951977827926
3.1716046372261686,6.807610498542026,1.2776709058425988,0.739542753376636
3.029633281987237,6.917956130283331,1.2836799229714058,0.7239529081958502
3.0410050475199433,6.971099575657671,1.2925838384319248,0.6990711769149047
2.9851291582558277,7.116125572860395,1.2997471746537872,0.687162558886339
2.9053654861871387,7.2271993733054885,1.312877662451879,0.6675951539406005
2.8607570046840824,7.32910849022673,1.3160347792236893,0.6550512777747918
2.834682098315197,7.39581419373168,1.3227260292747838,0.6494926420211924
2.746452103791313,7.515716499266257,1.3253219732591341,0.6498258915237787
2.672962448431342,7.5693152924175475,1.3316152158088206,0.6321183335701461
2.7050896675057463,7.590047000419537,1.34810326530806,0.6255761250050245
2.6434471474368717,7.554373647646683,1.3551200471239893,0.6163508905440759
2.5411355352834697,7.6677544358184075,1.3713871071562307,0.6125791031185273
2.4641222862880854,7.714053648425283,1.3997796715978097,0.6018264908924758
2.4060896871330235,7.723625764969223,1.4169820836036848,0.5885215662064625
2.3727328076466496,7.755136121737052,1.4373382741493799,0.5956850295587928
2.239299297859259,7.767751717142429,1.460388944689278,0.5908410232104779
2.1723278154124235,7.81133461733441,1.4727153653795886,0.5709279771521256
2.1574314746809664,7.86507738342258,1.4818028939822434,0.5517518708904964
2.092138475179835,7.965891420052235,1.4783758875939885,0.5510771686744729
1.9448531563896907,8.006210008617694,1.4745315617877894,0.5374929374965095
1.8529165053554042,8.024162423965596,1.4724302202760118,0.5235187243857992
1.822908083540826,8.000846483061437,1.4788497559266776,0.5182997928393016
1.7185903785379548,8.036468256039498,1.474473876674244,0.5161683649893982
1.6826441812361959,8.215765401159208,1.4975695210184112,0.5033518498840548
1.6775920281501395,8.234136173835344,1.5020290208840785,0.4890616470043021
1.6700073624489893,8.240849509811879,1.526037688830384,0.48412972981051217
1.6524585215029965,8.2442732279297,1.5452806429752082,0.482799953409184
1.6841563378534208,8.299293943327942,1.5756395012166224,0.46488354438076096
1.6812835803407553,8.416878498371503,1.5870451012200324,0.43730052415132825
1.6423980362068586,8.497648031555137,1.5917056623961225,0.4081150419975416
1.548482296746135,8.508297549173168,1.609458254356729,0.39885526871404237
1.4239189411667688,8.494247618381047,1.6105879942652752,0.38755395886663935
1.3371292723862986,8.583664499143262,1.614894428662223,0.38321605538779363
1.3336582681130629,8.603289722692091,1.625575864291908,0.380874903279362
1.2942245132339818,8.702750225695276,1.6240651249078408,0.37691574391996224
1.3254701446490533,8.767449168486896,1.6375840709116645,0.3579927906174644
1.217007967538194,8.777734161253377,1.6408385098198919,0.3514089482133335
1.1442389725385402,8.698858861611102,1.6547129056866032,0.34531530305082275
1.1097209719983177,8.663382059598563,1.6542262644945016,0.3418080786729753
1.1270147523035428,8.72845979900606,1.670157472465945,0.33511518930776346
0.9243818961749586,8.80202307675316,1.6678083376694197,0.3274362540992278
0.8589956467904822,8.798441716814063,1.6713050683374002,0.3114994582467534
0.766467871052991,8.816405715370779,1.6898255352006026,0.31873379213568354
0.5973682257861855,8.954377977203068,1.6827817663603886,0.31519981335341063
0.6284505708460544,8.995836192921088,1.7015241756680861,0.305235199289706
0.6869754237391574,9.055432368413133,1.7115709142106472,0.30729713536342645
0.7603958893442786,9.162331585126898,1.717579933095197,0.2836512031667549
0.7970656737140475,9.26424624593834,1.7257112954488276,0.26940627443364557
0.8226386284784437,9.260947753252658,1.7249975897032181,0.26089122841213397
0.8941792284351232,9.208057917570153,1.7336203136141775,0.24843198215669973
0.9137407622875774,9.202873732247769,1.7419000101687059,0.23966339674559767
1.0190627527478222,9.241766569626014,1.761017613661624,0.232137917272463
0.9490996405594104,9.291702619025514,1.7708545130334163,0.22426596585507722
0.8898245892291025,9.317673372433486,1.7839136410178527,0.22000061089163428
0.7814158643054232,9.372926295436443,1.795339279966726,0.2288902120772023
0.6298063083777053,9.484083521836595,1.7913777373838535,0.22963941038731206
0.6694009255381714,9.514262306818235,1.8091003374435977,0.21900344253592632
0.6469103846959066,9.646649341389502,1.8125988293586999,0.21324440941630082
0.647382044240079,9.674602550681882,1.8131643209772752,0.1968736057428695
0.6816910558515562,9.727344955650356,1.8112438482381223,0.20413091135771458
0.6305450001299509,9.69504506532078,1.8143795425169331,0.20013429740682215
0.6422053375898117,9.624962700369085,1.8217482581881754,0.18939171962069712
0.6069639031138092,9.581713520910487,1.8230981650961668,0.17125196675644133
0.668044511591649,9.585014635464649,1.8315859786765265,0.1580073835144108
0.629842875486755,9.604716960530032,1.8340588961493198,0.15608912903474098
0.5227583651721289,9.62107545450425,1.8473463343117975,0.16370639110742516
0.45157435442810706,9.66941614319373,1.8455606709430765,0.1622869429637386
0.35290163186082285,9.694429636942967,1.83560587508593,0.16214014627820478
0.3855797406074849,9.758734580346335,1.8508254438226914,0.13994674558335074
0.3024885142744467,9.74136461587499,1.862942578660927,0.1320069602047207
0.3312018423388793,9.693427075470767,1.8656006136282226,0.12585932793372404
0.40809386518965707,9.68962575046945,1.874929856251059,0.13622877188879226
0.35221962512959576,9.729752608760421,1.8739801714908026,0.13214219886564177
0.36643913985452015,9.727169240912469,1.8697577985870113,0.12290841382059761
0.39375207312923577,9.766056441023848,1.870081072850295,0.11610933841621873
0.48465682198338655,9.72502439784188,1.8864759842766352,0.1228808048602935
0.4874867025030478,9.712511949220573,1.8937397933936146,0.12572515085590666
0.4003349652384691,9.769552974074063,1.9084473725936062,0.1269556234934293
0.33667732888844654,9.876247933320057,1.9019035292829416,0.12920806573552793
0.33896744916948207,9.86651942242355,1.901809378882325,0.1341913115761522
0.2917114774003214,9.909747671740625,1.9194365309730943,0.12405412836768123
0.27853737258167954,9.960380839435429,1.91909935829847,0.12110094992639799
0.30152099344928296,9.911872428173067,1.910803806549164,0.10961017912724633
0.3685097966679783,9.778163431227108,1.9258493477195524,0.10290939524014707
0.3812263464644323,9.750939873465585,1.9169514983360234,0.08777505060794333
0.3510317302829827,9.709799395153654,1.9171706641821635,0.07422766016034796
0.36764630774714335,9.623690845940137,1.9201623834009534,0.07271887552227056
0.3375769876384371,9.556264154434837,1.9314474193348028,0.07603509207224998
0.26280122003764617,9.574695191480012,1.9248921723988213,0.07695322732233935
0.20872137959221346,9.625239190056812,1.9225384089912734,0.07356865209545284
0.23466312705027378,9.636200240763383,1.92180532509355,0.07740922634359414
0.25385506080501063,9.726636053366825,1.924628539983661,0.08661129816733926
0.20849401809486104,9.824771034947581,1.928245122127344,0.08536491931558123
0.221817896847363,9.84925833593526,1.9331561738396807,0.08390504692350961
0.17809939361833604,9.781327433675669,1.9452910889419495,0.07754698567520872
0.2448630671997005,9.720259673621648,1.9695549867176378,0.07163874254061631
0.16562051187958104,9.739861011354296,1.961236594626549,0.0654186064082489
0.16117377418709336,9.703897614811627,1.9584683569986874,0.07130874209787728
0.18684680003849186,9.686810295225555,1.955499210741961,0.07139501089494164
0.13542736792832838,9.76057969708155,1.9392970267135337,0.06574042765941275
0.07476048214819031,9.800703367810858,1.9269280692015351,0.06204504359688727
0.09268513156270826,9.854124048197388,1.9247230773335202,0.04198974226499707
0.15828819992587193,9.905524733211534,1.9262910722629363,0.04005183280079696
0.1043787419045434,10.006182898398624,1.9194810128524713,0.0407915855673091
0.07503594609543528,9.978682620204745,1.9217991435062314,0.035271247261464744
0.15714204117417452,9.994780672990666,1.9334095266887872,0.03672493068897895
0.1769389540182649,10.121931559563704,1.9459962146440495,0.034922371786044536
0.15318624718831272,10.181102376131014,1.9528673011389435,0.037455961888336164
0.0987892846531002,10.243394649838962,1.9521523733154873,0.042253977319085465
0.22337611733391044,10.209054489700922,1.9489212862795549,0.05467894358801764
0.25721314049877897,10.14741796202868,1.956629331019773,0.05965160499459905
0.2669006724085645,10.137844168602726,1.9482452161280384,0.050683874940665986
0.1911434991346016,10.076063803265477,1.9594017856891655,0.051155750473850736
0.24836219559431985,10.05210510490929,1.9680589361654603,0.042297532739771805
0.28870894955468607,9.994958683251244,1.9694862644756066,0.05265068527956598
0.16951090389668413,9.926078852471214,1.9660245178011169,0.050092159748396176
0.11454922152636764,9.900646412230406,1.9710157044559644,0.05168460158051631
0.16158222351238588,9.909939970301815,1.9715058044503546,0.048787838219052554
0.058885119968266376,9.996784091968875,1.977859659858624,0.04095734366724842
-0.04355160314001004,9.986342971784472,1.9814593212240657,0.037755065739903684
-0.08086833640191839,10.020455457726309,1.9918433430743963,0.037920184931911946
-0.0765094791840842,10.033631426461223,1.9848473281139685,0.03649888059729661
-0.12090243438129265,9.93896475981558,1.9824650726025024,0.037461338851018475
-0.08858903321263181,9.91781492108061,1.983071325880338,0.03101393596876767
-0.06857610461497175,9.874122283217169,1.9827422881093706,0.024771490771647024
11.16486516833991,1.2726072576178993,0.7097905093317388,1.3449589073797044
11.063862800238022,1.4883903065718405,0.7179367661800099,1.3486684253201038
10.917669972211655,1.6080132409950438,0.7244491130022965,1.3543239508678433
10.848602011323115,1.8248051776550385,0.7239043333524614,1.344682445810625
10.603170529298476,2.052637401527515,0.7340167378292782,1.3462093257377672
10.496439437832116,2.219745373447264,0.7366018368274042,1.3298903093873118
10.325441578388338,2.3108629510509164,0.7239358604669107,1.313983404782855
10.17386257082894,2.4405179503206402,0.7226101337004245,1.2945182608081502
10.143516761104301,2.5630626048712624,0.7070036095130988,1.2760290118286062
9.942877877688511,2.708737129694482,0.7158947925011149,1.2715107952119424
9.769297396648303,2.743435271168903,0.7295102740679038,1.261650622854621
9.586439181466542,2.9337386918838075,0.7357460465974088,1.2572371371663429
9.42145243735207,3.0233086730612073,0.7459769217725015,1.2535947165255967
9.266587279906839,3.1882173333599506,0.7490038462151218,1.2537097287208252
9.109096084939896,3.237677652213087,0.7575052901610404,1.2531997297094188
9.081723078681728,3.421784508389191,0.766688546824066,1.245152072764877
9.031694495998122,3.5531032146993153,0.7760116286425696,1.241985589567613
8.917829611816625,3.706720053298371,0.7814958870603957,1.2412979002485725
8.781684639443924,3.8470094953496767,0.7789660596034541,1.2500849479811358
8.612947662767029,4.011718971290744,0.7699798299181374,1.236617910920119
8.512412691594353,3.9466486517164436,0.7654473118939885,1.2197308110751535
8.335542500603419,4.067283305158411,0.7772007556333659,1.215909282287834
8.120885013255059,3.9792307559893083,0.8008936420093349,1.1989598336302183
7.982568841706994,4.131829051361411,0.807098212030574,1.1930449049302168
7.885821759136181,4.190460781292287,0.8243393813734824,1.1657330995357646
7.669800300822926,4.21017623966972,0.8259091471427835,1.1443638055578498
7.538169526823603,4.28810618233172,0.8300980819833844,1.1329227358562295
7.581053525449689,4.512143594153379,0.8374920869539532,1.1299070104736841
7.5285151534191455,4.7656983983842265,0.8489476825137378,1.1423292334749173
7.3918301205965244,4.965426530870196,0.8602502347129962,1.153401700193731
7.436150612863881,5.320462959855609,0.8673796345646062,1.1580282709103937
7.378560164788532,5.418752110648613,0.8776314441073687,1.1557629667627933
7.275189565413461,5.494259418169319,0.8934435748737427,1.1574411051722544
7.131969793976394,5.680035288685085,0.9181202712484184,1.138418217747238
6.934154394138222,5.696144271937871,0.940946017282739,1.1206890950678134
6.787866457291441,5.809363487155524,0.9491546549455057,1.119390538409072
6.7190578012837685,5.798346074667253,0.9496315042383647,1.0751987500734124
6.436418856436393,5.721399868349214,0.923933709759669,1.0720179078768615
6.27398525751426,5.8502989015586815,0.9062115396813536,1.0636010748973497
6.263950294999966,6.037832537923453,0.9024878043195006,1.0744553271676411
6.134354996704863,6.134061558419132,0.9051570118150543,1.0770751567595969
6.076041893772791,6.216163068636144,0.9082864846550678,1.063830499047393
6.085324934954272,6.393960877885463,0.9233626595520897,1.0640454369521846
5.980424286283151,6.471580795307558,0.9270073391493249,1.051661965390571
5.771387150211216,6.706879049262621,0.9425624073917781,1.0433152779501773
5.691734664073694,6.791621972636576,0.9721387101770326,1.008081937940475
5.569543679134919,6.9142283467770875,0.9903387932533052,0.9870752911082372
5.470223874747226,7.030042998758885,1.0153900391687485,0.9700304344035857
5.4301170943668025,7.192251096014412,1.0312303362441197,0.95643129911502
5.22818007149436,7.263988865219691,1.039873534912222,0.9648265794118615
5.132838307557978,7.338444604752772,1.0561228710277173,0.9600031905617424
5.033848151028903,7.389712999843518,1.0687977226779835,0.9607730054543503
4.986738356414912,7.396107263985121,1.080362644034698,0.9522250627773274
4.926228155883483,7.444856542020527,1.0933799212603539,0.9455240964690823
4.81235690310015,7.543578160270522,1.0879188567503681,0.9435745454221817
4.715896588103315,7.757574955629474,1.0873306180852838,0.931246273339089
4.53568547379734,7.89742104212633,1.091995920743994,0.9162413909193068
4.550802266324019,7.964647291730203,1.0998340696842699,0.8911600663175182
4.479703116417505,8.149531872866403,1.105845006964316,0.8800280456130558
4.377733903425307,8.2914633084688,1.1183494143709243,0.8605769507278263
4.320257582364714,8.422074454170133,1.120146912296179,0.8486493109269754
4.286063398460897,8.508127159395277,1.1258173586973277,0.8442011759799039
4.1721698284996975,8.662445218453831,1.1271297227816819,0.8460499822588502
4.076726292569281,8.732501344472153,1.1324962666345093,0.8283651686388542
4.115727775619388,8.760965576840672,1.1489314574730456,0.8226634775637341
4.0346978233241835,8.717787843774301,1.1552139162833828,0.8139976681549052
3.9014188925879414,8.865194754787016,1.1715498822807817,0.8111465353109993
3.800095994149607,8.927316243871172,1.2010442590416834,0.8006891031570172
3.722674216014458,8.942886196596278,1.2185368061490718,0.7874027040770072
3.6764311289354494,8.986772501516933,1.2395092323420678,0.7961293451182838
3.502149705832238,9.006849753631418,1.2634676007658268,0.7918195139160072
3.4123978346773236,9.06674995125216,1.2759321587414698,0.7711675093350538
3.3888214783169177,9.139907372214186,1.2849826915349387,0.751229436047714
3.3006402606334944,9.273425344062593,1.2806105790583484,0.7511750059498494
3.1075359649226817,9.330004224299692,1.2758725237187014,0.7371042533158562
2.9848109231143845,9.358300573238978,1.2731011559150318,0.7225269662516044
2.940872836696349,9.33417889229052,1.2796121585976785,0.7173116492684782
2.801847849480313,9.38552483536506,1.2745602507188785,0.7153409051959675
2.749855033689889,9.620481528505833,1.2992435816526204,0.7017507570291612
2.7370710774992517,9.650264509245996,1.3039035257721572,0.6864815693901617
2.7208431065105554,9.66538037133487,1.3297498354761996,0.6812227897949583
2.6916965700441007,9.67649851468617,1.3505422039603314,0.679762229485265
2.7252152554912352,9.753661753902795,1.3834199874849673,0.6603122723826095
2.714431363539471,9.91085636425967,1.3959324997205347,0.630341172450043
2.6575153290110425,10.02123041320717,1.4012543973082012,0.5985521078067578
2.5302057756342577,10.04226434697661,1.4207931712962758,0.5881787395259837
2.3636342342549783,10.031918855627172,1.4224799310954752,0.5755148743964774
2.245140320551482,10.153765972766838,1.4276813379595432,0.5702795062630363
2.2328656352509575,10.1866588586389,1.4398479293695117,0.5671137054141863
2.1745778283623265,10.321560924091527,1.438940904601752,0.562117643931339
2.206398515383035,10.412197685555062,1.4543366191569502,0.5408899528297594
2.05981331596617,10.433475877321033,1.4587362498320418,0.5328972472329679
1.9587026737981925,10.34103755069544,1.4746766137213976,0.5253538290011934
1.9063409643244145,10.304062421701367,1.4751966326534902,0.520523651135922
1.9200459461335608,10.395491119573363,1.4935108488304838,0.5121793803090692
1.6529976137907907,10.497803390745188,1.4921711795526875,0.5026968086381279
1.5610777741759292,10.501697434887461,1.4972124378948697,0.48423029670510986
1.4344807682946998,10.533126058623026,1.518537165081197,0.49070001642488165
1.2101254328115396,10.717752415319227,1.5123407504457786,0.48548098088816133
1.2412509005590175,10.779213027169535,1.5340378871007838,0.4732567951680054
1.3073920217078354,10.863833946167135,1.546413403830053,0.47394889705339777
1.392543108498124,11.008831238176155,1.554491456065365,0.4468371797799025
1.4307945870398222,11.147459981333455,1.5649171218849358,0.4298137849475276
1.4548977675637897,11.151786483416052,1.5658514732570987,0.41891981270819223
1.53769459051099,11.092794289591248,1.576912774615469,0.40371815640653047
1.5541813663718924,11.094657831416557,1.587651621455519,0.3924517032573578
1.6801693515056744,11.152736324212531,1.6101308466042246,0.38248263800845717
1.582486103756332,11.224858324439102,1.6226349082494456,0.3720991379671726
1.4985045877209398,11.266332388845788,1.6386532471873771,0.3655709930978575
1.3518804897206123,11.345111859579095,1.652941978800687,0.3732063628874533
1.1501936451898989,11.495167967300059,1.6506546627199883,0.37202693375071827
1.192630115022992,11.54178575477161,1.6717950866900855,0.35853436637069586
1.1559135216459773,11.718767124251821,1.6776080261663124,0.3502818625937058
1.1485976026693987,11.76236270719069,1.6802757408708078,0.33055713739354003
1.1845665833101524,11.837500523880182,1.68027780871344,0.3363145518096815
1.1115664254053013,11.803995673823168,1.6857509672683533,0.32991229322614096
1.11883120270578,11.722164799574738,1.6958042643628255,0.31621794169979367
1.066339270022131,11.67447638968178,1.6993713497364675,0.29453134196903363
1.136894672187763,11.686093654357462,1.7106483353293886,0.2781208753184148
1.0808428419910228,11.718534160544,1.7154383301232001,0.27392946993950595
0.9369853237591006,11.746594859997492,1.731901198399879,0.28002684533801925
0.8390622536449466,11.8153621914278,1.7320969058905162,0.2763721981872735
0.7061688138505275,11.854241756097364,1.7234740494098222,0.27409346857934985
0.7410381087376471,11.94315535576895,1.7420147912139543,0.24802660362805193
0.6282620316884263,11.927709267059315,1.7572011671488297,0.2373484014849542
0.6583010224520026,11.873133735155033,1.7621714154143835,0.22861219797420815
0.7499469897574288,11.87477600682074,1.7743316454388796,0.23771068796384878
0.6722535241962551,11.932370532887997,1.7753877173452153,0.23121951287370213
0.6841384062610588,11.935337276029975,1.7728990337074906,0.21918638089854445
0.7128509229833953,11.991118327503727,1.7753013229456491,0.20979544077844384
0.8228453018799328,11.944778244184802,1.7950314928833497,0.21506630524682616
0.8205458549115092,11.934719487530911,1.8048888914353232,0.21611757507475898
0.7035214163231901,12.013312560464708,1.8227589083625215,0.2154478207257041
0.6166080618675305,12.155155970059074,1.8176716038166976,0.2159038675770514
0.6139938922653339,12.148276259021001,1.819519677819335,0.21933207992327589
0.5482724802721489,12.208856946603627,1.840465386684817,0.20646950648683182
0.5261828070702094,12.278756944676502,1.841995245647387,0.20138871772776765
0.5503752244068096,12.22198633591343,1.8349061500319426,0.18712451704584052
0.6308657015248061,12.056338519219212,1.8529751544466602,0.17806113125294265
0.6422183738596915,12.026470040282112,1.8451722204318206,0.15992864658464417
0.5989320719263824,11.978708841809372,1.8471753843964926,0.14354173200963072
0.6155176408718157,11.87342566243806,1.8521374088973312,0.14018008278893906
0.5726436399313838,11.791862060539989,1.866016144720728,0.14205894263984506
0.4728308392645943,11.81976009170133,1.860608341548182,0.14138320422473932
0.39955160435590076,11.88852640675961,1.8597013811085945,0.13609737948074108
0.4285225291367271,11.906655826553084,1.8605101133220256,0.13864223467756248
0.44899133205319774,12.02610878797922,1.8651235577839511,0.14700641704007356
0.38717887479186197,12.155278487210651,1.8705601527980746,0.14412773308059568
0.4003750754751446,12.19034203058738,1.8773609341455648,0.1410514464905569
0.34087008325208945,12.107344943521772,1.891925189463747,0.13272154178039128
0.4224783548189717,12.033006567549432,1.9195468828094497,0.12490917537372087
0.317831440177025,12.061531289866865,1.9119743390166084,0.11679181518754521
0.3087433645234526,12.019042484052573,1.9103605027586417,0.12177478758285315
0.3381891520126629,12.000554936686692,1.908499490579928,0.12052461341380494
0.26932699816034883,12.097943146247776,1.8923276813408345,0.1131087131961791
0.18874727207425215,12.15230284145054,1.8802633770991288,0.10783646363295672
0.20855993617305396,12.223550741442434,1.8791390104413506,0.08493763774447774
0.2893080696063169,12.29213863060487,1.882057632561065,0.08161980578439987
0.21759917207843424,12.423514554088003,1.875905890526917,0.08122050448713679
0.17732638537169917,12.391236517947673,1.8795762574093733,0.07409433177551722
0.27938103511730655,12.414523290346153,1.8932454202791487,0.07452384158684455
0.3019905901271881,12.57946840141077,1.9079383273776935,0.07146911042521216
0.2690992492887133,12.657565126549851,1.9164326985976357,0.07312421723327836
0.1971786195963418,12.739562820726553,1.9167098096124646,0.07725355310988866
0.35378370377773405,12.698142751905934,1.9142410769556293,0.08964427237660037
0.3946427152702396,12.621802251030136,1.9235476302136423,0.09402267118329648
0.40475819145687175,12.61183194328726,1.915457872618919,0.08338640803700106
0.3058946166654593,12.535151500208016,1.9284271774327655,0.08296646063752272
0.376827254549711,12.506669772529222,1.9386707019071743,0.07250594542516098
0.4262972037747964,12.435757814116531,1.9410842275285316,0.08280585341423011
0.27220317492085,12.349801407024826,1.9381947158512156,0.07919831866548822
0.20016226487151906,12.319232459148484,1.9444015987935734,0.08009645331544663
0.2583644771202347,12.332921824756664,1.9457256623796861,0.07617513115137999
0.1255225533924649,12.445530027843292,1.9533532279750865,0.06695398427886363
-0.006927625903534183,12.43391022929721,1.9579845787022152,0.06275148768956555
-0.05620572762554655,12.479098637001892,1.9699144182939963,0.062206226197537705
-0.0522369422278029,12.497510169235898,1.963065414147359,0.05997130317698895
-0.11043923177892512,12.378225752333204,1.9611739288370629,0.060330550677426036
-0.07068817971439041,12.352723149260477,1.9624867853532904,0.052713955913988406
-0.04658895546384868,12.298400675790134,1.9627703539613823,0.045338477094331885
13.592964958954914,1.3312286924599872,0.627178713685079,1.4292033604157384
13.490567873501629,1.572782053153293,0.6343816809635233,1.4342097135795648
13.333178312479388,1.6979591599550734,0.6398860663797274,1.4412360531066408
13.269084240538897,1.9411488608760175,0.6381068131345387,1.4325252610935926
12.990960416267944,2.1979359306229274,0.6472864164068574,1.4353320320177927
12.880773951648555,2.3813213145389804,0.648698110785661,1.4197768674001239
12.6924484987275,2.472802573790174,0.6343878015665915,1.4046622368005568
12.527437034633442,2.6112341003087196,0.631739761008536,1.3858994115419296
12.509171292218443,2.741278651946449,0.6143688967184261,1.3681577481616343
12.284210029950621,2.899602956183348,0.6222101067515184,1.3648199087359303
12.091811199634394,2.9236254628262084,0.6349003357902737,1.3559969742701126
11.887917765337333,3.1365452163844694,0.6399746454998742,1.3527992929866477
11.705440297262683,3.2275899124710334,0.6491470788943916,1.3504117854247324
11.53497896342726,3.410227654714934,0.6508846604945464,1.3519098347221437
11.361074930453563,3.4531586509430947,0.6582439913237063,1.3527802580626953
11.344658931405174,3.6595935503560946,0.6662895081930726,1.3459042051131704
11.300509286339361,3.8022966343255153,0.6744631394036552,1.34407076564383
11.178696092913135,3.9723037735376927,0.6786676833864624,1.3448058270596115
11.02959704961856,4.126427433858745,0.6746034764915928,1.3553138479425764
10.840706753965447,4.310434921736507,0.6638747765061056,1.342919712553041
10.734221020100609,4.216146315796775,0.6577171825635169,1.3270189439696383
10.534904334193516,4.347284908636784,0.6683159459890936,1.3245886295148583
10.289487611922516,4.225706062952956,0.6911951074130008,1.3086539987904167
10.136333370991132,4.396175475210359,0.6960495505052199,1.3040978342811957
10.03328180226195,4.453017259649532,0.7122550339248855,1.2775214029646216
9.785328617879657,4.462975586747892,0.7123073430646765,1.2570791329143256
9.639387619108245,4.543811485856876,0.7150427428171859,1.2468753356941653
9.70471940591522,4.802086328527884,0.7210648865142493,1.2453620342641727
9.65405842311667,5.096452939829265,0.7312561409037048,1.2597606479744772
9.50107230613083,5.325870411496168,0.7412765188026286,1.2727825242295094
9.567220167654877,5.743889582614913,0.7469863849849494,1.279179198052917
9.509501030258047,5.850950471909784,0.7558992419913908,1.2784910083770864
9.395963609383246,5.93070736559485,0.7705261125002922,1.281875976385344
9.233796134636203,6.144468437736301,0.7942702161602863,1.2639542813334936
9.005118293197652,6.152851470575258,0.8160969662110437,1.2473761387185789
8.838588078836999,6.279290268029349,0.8228600145796888,1.247729233728502
8.765666594905815,6.25543328474384,0.8216505422760967,1.2039201637266241
8.433177895305679,6.15197292134533,0.7934762894978299,1.2023546031743497
8.24609382756076,6.298400798329531,0.7735065114265706,1.195405898897287
8.243442724316527,6.5162453830004265,0.7679442664640866,1.2083112966613365
8.09550893520592,6.623727008012299,0.7689579459540319,1.2127443762220242
8.033662033002534,6.71441418304811,0.7704386796669065,1.200846817321529
8.053431706940769,6.921455102333675,0.7842162002643464,1.2028163988278384
7.934432766560906,7.007379792602304,0.7862159665531874,1.1918172450444409
7.688844824373326,7.28480583960968,0.8004767808194893,1.1849797694169903
7.5997799417085465,7.380042198867093,0.8291733315057921,1.150457485578845
7.458803120764202,7.521522623847059,0.8461517411050253,1.1305888189657058
7.3452138731747025,7.655109675377154,0.870183933307425,1.1148017708557454
7.30307092620474,7.845284192922498,0.8847298555822491,1.102563843031375
7.064387962701336,7.926117916947123,0.8918645032371718,1.1129757710528627
6.954594392220498,8.010589966951168,0.9068336954359455,1.1097732540824998
6.8400338449543,8.06729423979597,0.9181245940740237,1.1123279492573448
6.78802698781611,8.069938943626653,0.9282764982073259,1.1052829917491636
6.719429137725491,8.124278242924717,0.9399294089896991,1.100134747711757
6.585792975644601,8.23954749258396,0.9325596476107301,1.099872904946646
6.472919835354589,8.49491794767119,0.9302161470895188,1.0889147173427394
6.258164417199505,8.660736150275886,0.9332924558379635,1.0751904969401376
6.279872364708487,8.738858165002354,0.9396473709268253,1.0510782053114522
6.196709296008593,8.95997090144217,0.9441333301333918,1.041318449186944
6.0757748095912385,9.129354255800251,0.9553208039744827,1.022977133867703
6.008436702615738,9.28535858876247,0.955498204948699,1.012367504676482
5.968980528988299,9.387686306738326,0.959681909666361,1.0094425614053815
5.832555302377154,9.573120837785636,0.9593972778496145,1.0129826314053012
5.718154070727164,9.65674321906522,0.9633093857512325,0.9963849162310638
5.7664048750555175,9.690285601485428,0.9786439434291484,0.9921039371184067
5.668787517044401,9.637317697910758,0.9835489977143098,0.984744459423392
5.507478320101517,9.815755187675606,0.9988356249675135,0.9833447903839091
5.384564765805009,9.891142258687717,1.02770355666578,0.9740814953366149
5.2902824875859915,9.910437443460655,1.0442444546152256,0.9618721750368187
5.233456717021888,9.964405929817396,1.0644038462296055,0.972297492997581
5.021061167966729,9.989849477002785,1.0876751586007962,0.9692606479163905
4.9108101572501255,10.063909312794657,1.099148884023046,0.9493553217771855
4.880456845801479,10.154373055904616,1.107147736213359,0.9301442567127801
4.771453107922918,10.318341564807698,1.1013665804606994,0.9313668679834279
4.534923684733762,10.389352120606562,1.0952534900035389,0.9181102615814037
4.383404151014001,10.426389451590717,1.091212727477654,0.9042850229137414
4.32709205286287,10.400188154193765,1.0967802873609527,0.9000517867823605
4.1551921610635,10.465788892609803,1.0904915234806982,0.8991084794098763
4.08850407304893,10.75429629278165,1.1148782873579397,0.8861457030442413
4.069053374743455,10.794356042379256,1.1187002429777728,0.8713981304918914
4.045134397618595,10.81692673570747,1.1443981245598376,0.8669017103658854
4.00526604736177,10.834938062501426,1.164951168080953,0.8662569600552469
4.04108940566047,10.933301783929654,1.1980118285973391,0.847024551049324
4.022926368881751,11.128968300189666,1.210163659572161,0.816893507795112
3.9485652067148416,11.268140178873178,1.214976064958821,0.7848246700334073
3.7885988874499312,11.299261475930512,1.234496717388418,0.7747427406951753
3.580777174755441,11.292594869525571,1.2357021312204044,0.762232878280516
3.430994921993899,11.446442434470622,1.240597759338099,0.7573022761499211
3.409748560888631,11.492685615357653,1.2527385628895935,0.754430671630402
3.3324844302030185,11.662834321852529,1.2514895915737863,0.7496005234523998
3.364239893586884,11.779542191147698,1.267104520652629,0.7279797051140355
3.1794853871932878,11.812378654219637,1.2714716353519886,0.7199123680442208
3.0496547143505532,11.707557002525487,1.287800851216649,0.7122304993244903
2.978726485612525,11.670176223243871,1.2883279931349814,0.7072646671889159
2.9877052341086014,11.788658047015721,1.3072588380406314,0.6986010768272807
2.656127617650047,11.92051514866213,1.306029116205754,0.6886858326011573
2.536699994880342,11.933223228281587,1.311450289191413,0.6694390576594038
2.3750711569365937,11.97947308884255,1.333720377754426,0.6757922615290824
2.094773499324706,12.211604655557931,1.3277285818324198,0.6700281923449458
2.1240720143056326,12.29455442034205,1.3505420801658383,0.6569701334964277
2.195691480314453,12.405713831393594,1.363835809954434,0.6571337058182137
2.2902362985122404,12.590193243654257,1.3727835243224973,0.6285847321664386
2.3278088755107036,12.767064357288612,1.3842281177816662,0.6103456618262169
2.348124655016219,12.781215778259847,1.3859771473736109,0.5983400100549234
2.4395035650233057,12.718696807900729,1.3982332910615682,0.5818200437869615
2.450404118639465,12.730043568377223,1.4102347626760983,0.5692752323561593
2.5939830685415988,12.80962068685797,1.434403146131009,0.5579900685746454
2.466322884683299,12.906291265415517,1.4483740935540608,0.5462029190561201
2.355216542769368,12.965862988483432,1.4660378591478833,0.538312350280594
2.1681160644348183,13.070710899962286,1.4819926635975602,0.5449354358641109
1.9142201730129342,13.26201140539231,1.4809476782065036,0.5424102958094812
1.9562611565632912,13.32793683786935,1.5040978224200914,0.5271360714298283
1.902318458437914,13.551931879690573,1.5115302252743492,0.5171913551402645
1.884007861127339,13.61422673346726,1.5157883446399194,0.4953675759472301
1.9181708703524947,13.714765905441515,1.51736384044364,0.4997233132963302
1.820228381296097,13.683585269488006,1.5246337407941173,0.4914966066489525
1.81960999192513,13.593802205988714,1.5366780454365772,0.4757026693507686
1.7465665183982813,13.545390368205824,1.542097796771721,0.45162306988357465
1.8227317808211068,13.568848510691314,1.5555097215416045,0.43292458085829927
1.7454410665725837,13.617513641972787,1.5622907360984646,0.42676000597832026
1.5617441345399754,13.660822366981078,1.5811393015275554,0.431144442963323
1.4337910183998668,13.753428036434189,1.583279156137831,0.42544250123065186
1.263503251626733,13.809736511691199,1.5763778825704424,0.4211170974819253
1.296675604920443,13.92663441775952,1.5974873854064597,0.39225703841237136
1.1509257780331104,13.916931960710585,1.6151762455666343,0.3792107882388388
1.1784060906481322,13.85970436268945,1.622374642513803,0.3681341332124305
1.2806697976186414,13.870540210126155,1.6370043424767966,0.3753970998588891
1.1777316497093717,13.949111073092645,1.6402223659909936,0.3665818954273077
1.183500487357705,13.961347851282229,1.6398104064558257,0.3520389909083201
1.2097802411312177,14.037505285932975,1.644452825943636,0.3401995151675245
1.3347162604377203,13.989741614881014,1.6669547628253583,0.3434441571381432
1.3236256582530335,13.985849542525239,1.6793020991755188,0.34233079159316504
1.173561875953584,14.089320416879112,1.6999114688012382,0.33943460573240986
1.060119680602796,14.269357981895668,1.696887425187963,0.3376892850274092
1.0489950891441289,14.268972508614644,1.7010121653793115,0.3389981729140838
0.9614779163566519,14.350257238314146,1.7248086487769387,0.32352586844111886
0.9269758269419311,14.44272297350677,1.7286128205384903,0.31606487622487756
0.9487032194314607,14.381498866593603,1.723541396653511,0.2991462369009554
1.038804648458426,14.188155514824857,1.7443764609073127,0.287585343715227
1.0452076585350887,14.1593045574046,1.738563950184713,0.26668902746099465
0.9854921353752046,14.108637122976429,1.742843526883415,0.24759676888415946
0.9984892039302284,13.988106025193392,1.7501614692408451,0.2419269258683155
0.9395271444297479,13.896204078815368,1.7666510839420542,0.24166480691636394
0.8116635333036646,13.936880618172623,1.763265970980663,0.23878496377058425
0.7160989466182066,14.026973891112785,1.7645007870989255,0.23117269024575948
0.7446310374132403,14.055544689626533,1.7674853060384252,0.23164176451739799
0.7629887195037683,14.206823495195685,1.774368881038949,0.23812281623289155
0.6817258303086143,14.369748061542598,1.7820791390072084,0.23304674761840125
0.6915365525667622,14.41844584592142,1.7911714153638296,0.22779003247898008
0.6133434216353966,14.32387420127763,1.8082340615072214,0.21714764867014918
0.7063689260585089,14.23966247618402,1.8387172125802382,0.20706454944152763
0.5737235084239642,14.280019882732121,1.8329286281722104,0.19669534839876135
0.5570702466269103,14.234143050960421,1.8332468071461416,0.19984677503455694
0.5872748705314464,14.217223832469307,1.8332792693132611,0.1966103492503365
0.49843535656736976,14.340647386449998,1.8185416658580023,0.18705684492143967
0.3955307215408967,14.411763729167022,1.8080004495577617,0.17974452195140797
0.4144782665332881,14.503214979738928,1.8086909976080183,0.1543143966848305
0.5074397597575462,14.591303507383275,1.8135102020116685,0.14908407778621177
0.41570234497261793,14.755379237509656,1.8089535001870236,0.14689438060361218
0.36220795555302654,14.720915425269776,1.8144769735172301,0.13781204743449912
0.48139282697994756,14.753690320150046,1.8302630804036122,0.1365450433180824
0.5043823513045302,14.958085827357504,1.8470697679886459,0.13172358840743098
0.4602008805590105,15.057072800678624,1.8574600290292234,0.13178546835085378
0.3688138734105308,15.16067690523917,1.8593554553374503,0.1344278915774237
0.5545926619307839,15.114544593652871,1.8583909742728588,0.14561023829004247
0.6001507485965399,15.025969930801166,1.8695209582517172,0.14857329909091602
0.6085401118842216,15.01775656490055,1.862703977172048,0.1361058393043345
0.4849088678277744,14.928564087349743,1.8775421245757136,0.13419127797983596
0.5672335120246698,14.897705513060155,1.8895411553081967,0.12196878572755392
0.6236369955682527,14.81530645160172,1.8934444818943748,0.1311580142580235
0.43334464551609614,14.714569646852146,1.8918543022780325,0.12605740198956614
0.34262773726078827,14.680885780291968,1.8995994438483337,0.12562915350123013
0.4099088355691932,14.700763636969972,1.9022838607106465,0.1202700263972905
0.24566861616284105,14.840473167258898,1.9114275149016005,0.10948526946864763
0.08199623145537484,14.829479908396454,1.9174534539531087,0.10390097321865144
0.019250483771831285,14.887267447241204,1.9309634896493613,0.10211500993416368
0.02114976891086736,14.912501313928802,1.9251027896986304,0.09862089506803332
-0.05223608954355477,14.770708199829759,1.9243157134500384,0.09783004134175705
-0.006778843946761355,14.74252529931376,1.9267969917131549,0.08885704392773912
0.01978954385436025,14.679315250600213,1.9281868349134386,0.0801638058954662
16.038144236938752,1.373348396248774,0.5612040224394507,1.4946573069045914
15.935898864484187,1.638065062029122,0.567604193440894,1.5003536910790556
15.76929875717514,1.7670556609680377,0.5723109283357689,1.50806194736958
15.71147459893568,2.0339821282428563,0.5697906332841348,1.5001890832061686
15.40360748798813,2.3169376058708426,0.5781172062154236,1.503738178336246
15.29165841869973,2.5143497494450817,0.5787367426104081,1.4891058007735498
15.088319346129953,2.604618812275839,0.5637685060852147,1.4749208661827191
14.912038636126466,2.749866233791518,0.5603437417372586,1.45713251544044
14.90692586160679,2.885485862346406,0.5423209455146524,1.4403670832486206
14.660319672720451,3.0542903657830163,0.549266074416417,1.4378837318296742
14.45156204792059,3.0664609590209353,0.5610040460484588,1.4299773364433555
14.229211813618804,3.299349832430508,0.5651849504096954,1.4276557279707605
14.031690992244371,3.3901187255024414,0.5734145444720176,1.426148394175632
13.84802229148796,3.5880039380099453,0.5742662790743531,1.4285024061884617
13.66015426686731,3.6229549731944437,0.580676075478914,1.4302463539557226
13.655978339684372,3.8489866265768047,0.58775386985363,1.424327222333736
13.619237221410787,4.000793376297871,0.5949466631825944,1.423416062744045
13.49163294781738,4.184666278013226,0.5981950181444767,1.425061690992265
13.331981258213661,4.350184436989958,0.5932389097955295,1.4364020982724135
13.12567901373517,4.55078578085902,0.5816677109100191,1.425064024257772
13.01539289297806,4.426658709696362,0.5746131858368697,1.4102639178100702
12.796524951920498,4.565925619912957,0.5841479858268407,1.408822123007737
12.523633177101026,4.410333343491437,0.6058374404853878,1.3940130593729219
12.358259634581689,4.595923137664845,0.6096562871040856,1.3904897364366506
12.251178354707086,4.64905238839126,0.6247089325571286,1.3651619291468298
11.97471048119317,4.647650419520338,0.6237451613818391,1.3459240610617897
11.817136675106878,4.729211054615857,0.6254272451210297,1.3368425579634131
11.906021219611475,5.0181519982496825,0.6303532487989457,1.3363837528917564
11.859264225343878,5.349446420565945,0.6393973859132922,1.3517023718901253
11.692820848933048,5.605126886890649,0.6482597595542527,1.365669434176294
11.782006832276842,6.081227979846505,0.6528389848337494,1.373084932916129
11.726350487677738,6.194493068514155,0.6605791974585276,1.3734934246061106
11.605299385359503,6.27610386580643,0.673968268070869,1.3779498351958195
11.427243712733548,6.514397414744762,0.6963780365967777,1.3613086995203716
11.171304999533968,6.513131899070026,0.716875897533279,1.3460109698888474
10.987694934943983,6.649933407273765,0.7224370025224537,1.3475002835880454
10.91314341697167,6.611491654136584,0.720087133581829,1.3052474014163604
10.535299066827243,6.480345605052627,0.6910095545095262,1.3048598440320458
10.326982615102406,6.641194101177185,0.6700488253091488,1.2991507099490573
10.333759069152206,6.885665844036667,0.6633508588214156,1.3131240078894502
10.170668038918752,7.001527129096133,0.6631565438671809,1.318714775635418
10.10784171165221,7.098025789276662,0.663413616408753,1.308137087688948
10.140058470367965,7.330620734937863,0.6758427554076212,1.311309610581036
10.010006243908585,7.422057267048685,0.6765919999514042,1.301644096872888
9.731902975708966,7.7373329736323555,0.6894783811776151,1.2961124923403429
9.63629259891404,7.840148830611383,0.7166567778791018,1.263162168950177
9.479815461191706,7.997213948996827,0.7322151713468169,1.2447402128782552
9.35505507143598,8.145322686243887,0.7547524366114197,1.230371939566897
9.313449724797866,8.35976163799931,0.7678816423985906,1.2195294115966946
9.042110913852877,8.44680426794654,0.7736590066939755,1.2311365628295516
8.920990044848434,8.538361107777714,0.7871899570787376,1.229263610677407
8.794034962093033,8.597766353373112,0.7970684397587839,1.2331028439253795
8.739843367794164,8.594325384028101,0.8058107871255848,1.2274387474290576
8.666008001041885,8.651513242903196,0.8160331397491829,1.2236609844575552
8.515962180555329,8.780114856073915,0.8074019357857151,1.2247310697620406
8.389880653631344,9.072568492273046,0.8037445921938263,1.215209579601551
8.144567231260915,9.260745485197374,0.8054516637419071,1.2029529404963146
8.175053695609071,9.346815051463588,0.8104024061566092,1.1804088286464345
8.082814687043726,9.600116584107772,0.8134975104828593,1.1720886361831295
7.946189823188282,9.793307709318825,0.8232290676577084,1.1552693103999203
7.871852540186697,9.971166852082254,0.8220499294902865,1.1461125723954178
7.829776774115165,10.086648011522195,0.8248387392401777,1.1445708981731453
7.674190560107397,10.299454822035631,0.8232001013114442,1.1494349070625893
7.544021635340125,10.393688036263544,0.8257200379555985,1.1343465273966715
7.603458162760073,10.429748782059303,0.8395585106985903,1.131459542382919
7.49228776703607,10.365104022028056,0.8430663976956753,1.1255199010271282
7.30645449004885,10.570935361498966,0.8568635962111462,1.125481400798927
7.165149904669133,10.656750611646595,0.884121348670189,1.1176472165944324
7.0569737234197465,10.677375943795488,0.8991717080496916,1.106888428419524
6.992230051672143,10.738783606011589,0.917814075554132,1.11854829015578
6.745552191336769,10.76718648391275,0.9395477597267046,1.1168621877618916
6.617832990380707,10.852650838748083,0.9496022638687126,1.098453957155243
6.583097378778099,10.95756811882047,0.9562248391505098,1.0807227249816254
6.45623201183907,11.148607360924716,0.9492070225987298,1.083224099761792
6.180172372529266,11.231416179110319,0.9418741779361157,1.07136614605806
6.00306336125595,11.27486200121623,0.9366098913650172,1.0589294417974053
5.936811246165716,11.244775966494135,0.9408821250408278,1.0559792080612243
5.7353033962662385,11.322174710283685,0.933426090130435,1.0562699671187556
5.6563340481005575,11.660128214705827,0.9563824625393554,1.044632070288917
5.632216312464693,11.708307956973263,0.9589858476609336,1.031203977217382
5.602582583962677,11.73636750269528,0.9832867185413556,1.0279087511249503
5.5540295184984645,11.759401497142829,1.002515630136401,1.0284042597724035
5.593553849888131,11.876546696848616,1.0341637865211624,1.0104566371866823
5.569752314252796,12.107591634417565,1.045125192048067,0.9816820753596107
5.4800446854748275,12.272968728447179,1.0488457673716474,0.9509568080319114
5.290099221326332,12.312481757115872,1.0671714208453909,0.9419827016163899
5.043993036509913,12.308163054177491,1.0673855609642509,0.9305685207860029
4.865365981313516,12.491536546622863,1.0712923055238233,0.926627125233464
4.836528873181013,12.549558581069107,1.0824157036978368,0.924687315782256
4.74201015992164,12.752524269757497,1.0803133217324221,0.9207667249929212
4.774501981035693,12.893370155694123,1.0949613505397098,0.9001682773108322
4.553937468495996,12.936563429061035,1.098509655577828,0.8929539251508466
4.3972319294690365,12.819301685019724,1.1139557232842305,0.886075337703355
4.309034782096493,12.781043129396247,1.1137937381734035,0.8818396283335184
4.313874222762006,12.92501971581033,1.1319154691517115,0.8738903235507557
3.9208446152682055,13.084866520090607,1.1301147535370129,0.8646490079952547
3.775260153036703,13.105851052000242,1.1349573836735452,0.8461084691427702
3.5801594679191258,13.166241522679742,1.156549024087968,0.8528757564725511
3.2462693388740442,13.443895545455776,1.1501972107633298,0.8475802818445661
3.2736165365713115,13.547603330047776,1.1724434877372236,0.8349993431302662
3.3501528591692153,13.684469676480862,1.185318171536699,0.8354576698178849
3.453240192480407,13.907155848630515,1.1939486906903718,0.8074069285835646
3.4896010875805707,14.121167735516456,1.2051162254020102,0.7895076707697516
3.5056114052586547,14.145399445221742,1.20674243392605,0.7777195702143278
3.604394700066516,14.08031144523132,1.2188448812489139,0.761392680970787
3.609025214320138,14.101655684091948,1.230762628151093,0.7489366125381116
3.7683788806168854,14.2028468978671,1.2548039442136796,0.7376595267502114
3.610869190132591,14.324174811825799,1.268812401339345,0.72581469797471
3.4725135436495025,14.40236144213968,1.2865512056823993,0.7177588252179398
3.245265434353093,14.53357593100927,1.3026694177336782,0.7240099738393915
2.9398734449617163,14.765884954499304,1.30201812177164,0.7211241180293182
2.9798539275663365,14.85196018312628,1.3254121659553464,0.7055332516950825
2.9076309751381304,15.122726996876516,1.333307685832842,0.6951486221056216
2.8768808672846875,15.204830728716344,1.3381325819630918,0.6729203025572686
2.9072757030071887,15.331706828533934,1.340374135423314,0.6765552013888433
2.7833198571588658,15.304905541206326,1.3483320291850098,0.6676493383918543
2.7728917516560845,15.209785830478562,1.36109464333303,0.651171723190023
2.677810406572,15.163062564338734,1.3673680378706283,0.6264108228513717
2.7568523544944483,15.200335481937472,1.3816335257876464,0.6069075973789593
2.6566517146960216,15.267114449024128,1.3894025142224395,0.5997493551850619
2.432150208317805,15.327706325573674,1.4092000396289153,0.6029702522151917
2.2726743912661815,15.445912387674648,1.4125147315496005,0.5961263726037431
2.06372220397454,15.521788557567575,1.4069423054907715,0.5905758109222952
2.0922792815079263,15.66844534722221,1.4291912402911635,0.5606479040147944
1.9119059180264502,15.667321084541957,1.4481190364902479,0.5463198386630712
1.9337650708433314,15.610730620294627,1.4567196220209453,0.5338768146392777
2.0429247715447483,15.63361980382366,1.4727475214684833,0.5395393811633026
1.9124985929669158,15.735596066703025,1.477531905172984,0.5292095120964662
1.9089985423949056,15.760118494363441,1.4787805439359478,0.5131441323826326
1.9294608374018258,15.859256285369455,1.4850953745249977,0.4996987175419869
2.065133064453348,15.813686291999286,1.50916084992622,0.5011420256271836
2.0420218569447446,15.819304544153418,1.5232189534694358,0.4982141359506572
1.8566964203000589,15.95023063732135,1.5455134629599037,0.4934692112849144
1.7141807081698224,16.170499478589633,1.5444406931325325,0.4898166666361183
1.69118628496358,16.18005537664639,1.550495700085994,0.489145102779424
1.579068578959982,16.28489642130406,1.576082980342716,0.4718051193425713
1.5289237715924098,16.402716426783755,1.5819020903816023,0.46236296323755094
1.5445107043176256,16.3410152799244,1.578964450507107,0.44351364009588884
1.6400136187632075,16.12497271547478,1.6017283965303806,0.4299382089098
1.6378849901456478,16.10089234251385,1.5981228800016491,0.40708158114994064
1.5586530053599017,16.051247193663162,1.6045460554755957,0.38598253370676966
1.5644116114102788,15.919937707675299,1.614007249602135,0.3781542170786252
1.486252336851892,15.821956379813047,1.6325809554853907,0.37565812981680236
1.3277476153872847,15.878666221476967,1.6314867822988721,0.3705452100219088
1.2070563354138413,15.99296949330018,1.6349908389527426,0.3607225981490771
1.2313592242963944,16.035336830123466,1.6402470105791356,0.35888812235180134
1.2438916768432233,16.220862708023997,1.6493823108182168,0.3629940131552614
1.1402244586255863,16.41987365600958,1.6593501658887337,0.35563601806936157
1.1430051486052395,16.485404314026795,1.6706981276357298,0.34808819230158006
1.0431561831418192,16.38354253033126,1.6899509893881186,0.3351962953498966
1.1433351378934535,16.293654064630747,1.7225058252204388,0.3228530965119446
0.9801586423374401,16.3490801012598,1.7191266672058132,0.31022370235938246
0.9525367143063691,16.303695295269183,1.721798027002985,0.3109899028994259
0.9797546922472744,16.29198863362467,1.724183895971003,0.30542966211774997
0.8681171863047357,16.444004582438275,1.7119311259861787,0.29361567695561047
0.7401946913558023,16.534812797379168,1.7038284433386577,0.2840297155963475
0.7546794839812037,16.64922362994927,1.7068437234736877,0.2565033529452302
0.8557208063788523,16.75956645818691,1.7139369738334704,0.24900278514337384
0.7412621190578541,16.958483425454407,1.7117259023240095,0.24452976737729454
0.671601025628439,16.925449309791922,1.719484397883352,0.23324528160349167
0.8037006379949984,16.970769650085266,1.7373907784121847,0.22972390543194424
0.823639901824474,17.21631277353738,1.756286027324137,0.22270319360231874
0.7653077869138614,17.338632810440505,1.7687996973168751,0.22054512863421247
0.6520158445055365,17.466188770865998,1.772870692536109,0.22097007137788036
0.8624825041986278,17.418765737317077,1.7740802914433027,0.22988396592601762
0.9093892252488027,17.32163520310919,1.7872434415172247,0.23068369729014346
0.9130522197766837,17.318177693551707,1.7825951700704483,0.21622563893927726
0.7627251085088027,17.22002341050017,1.7993710873552873,0.21225394551082857
0.8530076284495131,17.189829872718636,1.8133027338980419,0.19810090133855607
0.9131685980296925,17.099317881186394,1.819181976145811,0.20519329138686593
0.6854394430777104,16.98725723438786,1.8195869307298909,0.1981593410623861
0.5741041876652394,16.953348915695322,1.8292093116147201,0.1957862744453497
0.6473707715178886,16.981844384018476,1.833785823535896,0.18855975590256133
0.4504549570761462,17.15011950094078,1.8447297607324724,0.1759898731908636
0.2543291669190512,17.142315191923863,1.8525522810029225,0.1686049167096349
0.17616505150959363,17.214690372545952,1.8677568648647032,0.16501612174337993
0.17360071789327725,17.24893389750074,1.863736241959382,0.15976833088827824
0.0832601018400881,17.088043256415336,1.8647085052419592,0.15723271138985218
0.13179569126861598,17.059676252138946,1.8688845733086323,0.14662488168118792
0.15839798095045407,16.990293153415056,1.8719445081678348,0.1363290061343512
18.495141361459364,1.4044994930051564,0.5066687058901618,1.5467719902225103
18.393914316735977,1.6899539163010726,0.5123515669065523,1.5526615056024
18.219607102254127,1.821615436306066,0.5164076807994458,1.5604824053604744
18.168532344071174,2.10979282018058,0.5135431449285265,1.5534041477142344
17.833821063251964,2.4162566191925228,0.521048568634723,1.5572597849683625
17.721150021691013,2.6258348609002664,0.5211739473449476,1.5437287820935799
17.50473694189808,2.7140370360897523,0.5063799437879241,1.530632905896098
17.318889670309368,2.8646954366504613,0.502622031223095,1.5140969291021822
17.327013466684747,3.0045543091669016,0.48489139603313336,1.4985468105968
17.06118698531643,3.1821608947891598,0.49103939080373943,1.4966672515648625
16.838156460798682,3.182279957567071,0.501765080909697,1.489607104405782
16.599590695500698,3.4327955622293347,0.5052536166902719,1.487897295836593
16.389055006303533,3.5222844652148777,0.5126077470610608,1.4869741307211577
16.194100453011604,3.733359224352015,0.5128959715062461,1.4897527386032188
15.994256647343859,3.759809345964225,0.5184935637692288,1.4919555651556051
16.002573295481152,4.003056515793648,0.5247222644461401,1.4868353190176886
15.973832932981384,4.16227063283451,0.5310529418578518,1.4865140739573648
15.84192930395315,4.357977667637282,0.5336019707702804,1.4886469577846213
15.673552215254647,4.533006788531402,0.5282938311276919,1.5000627461903366
15.452141259375688,4.74795345183732,0.5166489301479606,1.4897910994330983
15.339465400548725,4.594826491186483,0.5093165682127623,1.4762158543443544
15.103527711686796,4.740503993505201,0.5178461624768829,1.4754285719075648
14.806190040487087,4.551980489451139,0.5379951199216075,1.4618618582109446
14.630624243213886,4.7504696411862515,0.5410391713061443,1.4591005246115398
14.521010755267985,4.79890653174575,0.554821458879843,1.4354883277307091
14.219180973252747,4.785657682951589,0.5532725136023258,1.4177110293014206
14.052016519266855,4.866630250715858,0.5542458345934185,1.4096589272281754
14.164161532570434,5.182904300329787,0.5583134913185167,1.4098648924522033
14.12234823291334,5.54735665456783,0.5663117381186086,1.4251736929632872
13.944666329822324,5.8262251415146755,0.5741269311029636,1.4391986703102089
14.056687092777464,6.355187496720551,0.577835339566497,1.4469652197254008
14.004310779274924,6.472886783194834,0.5845584561078597,1.448037700533952
13.877621560591084,6.554854353787497,0.59667628146468,1.4529920599801396
13.686131110362108,6.814648969119367,0.6174144849222621,1.4377725177998144
13.406163143279505,6.802971194524574,0.6363141479642774,1.423847649308493
13.208041731853774,6.948016044169571,0.6409147771029902,1.4259919237912446
13.133413106434432,6.894520779474387,0.6379376626576737,1.3862990535446142
12.71470696298342,6.736079015446108,0.6093814136561765,1.3866669758129875
12.488056060474086,6.9089056586205855,0.58858064209475,1.381953566530007
12.50512477706546,7.176729095837941,0.5814149149744924,1.3960793639143645
12.3294016028254,7.298898119274229,0.5804613273818986,1.4021955603656413
12.267189239704965,7.39929178504932,0.5799298665563024,1.3928536279507715
12.312564697164527,7.654188240947807,0.5910333178085392,1.396675773381568
12.173757773633492,7.749208548419057,0.5909533008625808,1.3882258889365842
11.866888106009222,8.098228313691108,0.6024748013112674,1.3837404614005566
11.766759650931842,8.206527115040128,0.6276593461869164,1.3530341041409852
11.597422908994611,8.376530572518295,0.6417177956233485,1.3362361785637593
11.463856753679423,8.536571588495201,0.6624431288340629,1.3233258512192951
11.424385186411262,8.772020434876634,0.6741585671070872,1.3137980023888989
11.124219387619975,8.86321145657875,0.6788312987001068,1.3257564649031472
10.994186728257738,8.959721248712297,0.6909122750037021,1.3248283119953996
10.857336234963979,9.01997649143441,0.6994897997517615,1.3293740748038223
10.802788095528497,9.009174648708813,0.706971280836462,1.3248374550616557
10.725758713463366,9.067327300779377,0.7158596255640216,1.3221144372465188
10.562104370021952,9.206665901922605,0.7067025330863571,1.3240380562413396
10.425411580341832,9.532009233688848,0.7022950760870696,1.3158377565339672
10.153306774411405,9.739326627625559,0.7030110713230705,1.3050293370652768
10.193716868023218,9.831080262986148,0.706821883793025,1.2843875268259577
10.094748255033295,10.11267884087591,0.7088494223446841,1.2773613183433608
9.945228374537834,10.32633961562951,0.7172180426018429,1.2622120630249867
9.866113037606862,10.522839140612929,0.7151412149607572,1.2544008979518255
9.823353790176213,10.648833296294296,0.7168531051220721,1.253882101322752
9.651657214703492,10.885412721400387,0.7143223870555551,1.2594984256823167
9.508552989679323,10.987769183454931,0.7157633216130251,1.2460336751501355
9.5802137139875,11.024393510279305,0.728025934064799,1.244247990737711
9.458190269244,10.947058874003764,0.7303995832234367,1.2395479621815497
9.251272399582733,11.176652691843225,0.7426110493042984,1.240498990132068
9.094610127023863,11.270395204490775,0.7676946047572704,1.2339973234508814
8.97527408773709,11.29045670061723,0.7810950697042213,1.2247024634955002
8.904945305902212,11.357002757034582,0.7979277684686086,1.2368589105929146
8.62807575153288,11.38636872477839,0.8177143131952647,1.2362512278484048
8.485847417850197,11.480683981797135,0.8263248743821485,1.2196489313654317
8.448804661513485,11.59730624132711,0.8316499691916441,1.203696549949141
8.30704394894987,11.811834176656797,0.8239241716792105,1.2071016161961072
7.995857395819891,11.903892221273509,0.8158961260292088,1.196770456368933
7.796616445448101,11.951571511441246,0.8098468709763342,1.1858857558027618
7.72281999592299,11.916129433758574,0.8129215344346176,1.1840758061968752
7.495397597422159,12.002823616169161,0.8047776014267666,1.185364955512453
7.406662608415783,12.38522261942866,0.8257305147643391,1.1752400554173712
7.379863131132103,12.439306180652267,0.8272155721908289,1.1633993559956957
7.346546811117726,12.470837523388402,0.8494619956268961,1.1612483419053685
7.291514564923273,12.496933509762611,0.8668612929422717,1.1627187485615187
7.3360899854910135,12.630006807470457,0.8961477172038584,1.1465391742788609
7.308595187433974,12.892496402966112,0.9056508837864212,1.1199947470635296
7.206103962198016,13.080789783991792,0.9082351342563624,1.0915759961269011
6.989686980979337,13.126630334916694,0.9248008417933397,1.0839566060225774
6.709323441160232,13.123035277152178,0.9240502709795873,1.0739924663354758
6.505209457689634,13.33253128026476,0.9268438957672496,1.0711656920827564
6.4706780095373455,13.400155728162126,0.9365542903544724,1.0702409347140214
6.361404639999704,13.632397910149274,0.9336261237734582,1.0674071213983685
6.395884818757969,13.79446661534485,0.9467379452587201,1.0486027299265797
6.143158574580285,13.84607032422369,0.9492478012673491,1.0425856872384536
5.962579237047931,13.715996171276963,0.96315802472241,1.0368716903025992
5.859419732323857,13.67576663667217,0.962156140817316,1.0336664445690467
5.861493831773545,13.842436110300824,0.9786667632046357,1.0268874476805874
5.412161430934818,14.027360838344817,0.9761408118427681,1.0188498510717472
5.243151055658183,14.055086448395329,0.9799943861507033,1.001891938115516
5.017737495451826,14.127751118844857,0.9998968336848397,1.0091195438302976
4.634693977511796,14.447028107775363,0.9930940524970773,1.0047797477947469
4.661003876406791,14.569322404377283,1.0136793966861335,0.9934409147579036
4.742833545519525,14.729471570363296,1.0253304180160878,0.9945451459447578
4.854514941740757,14.987187116155024,1.0329541494751646,0.9683427268883875
4.890282793593895,15.235318778776247,1.0430396201866416,0.9518172381386301
4.9027267860833055,15.268505513177256,1.0440334952044452,0.9411018153102768
5.008784117515571,15.20065552106861,1.0550874712773741,0.9260064546233493
5.007842772947484,15.231049826694326,1.066004076118327,0.9145748552833399
5.182110946516704,15.352215383438883,1.0885596835383866,0.9042303670620474
4.99685967662849,15.496439874349953,1.1015593974423676,0.8933005252237622
4.833107936419117,15.591965530472494,1.1181714679812345,0.8859517967939853
4.568345855844123,15.74783439191993,1.1332784396525224,0.8922448565931915
4.214764999907472,16.018545942450658,1.1323895963724788,0.8897498231345776
4.25259615780862,16.12365027031392,1.1545530561274955,0.8750514069269207
4.16299421049476,16.438382542833484,1.1619402936708192,0.8652829200064298
4.120217964114692,16.5393890361301,1.1664423857490573,0.8441315452647061
4.146578130043881,16.691359525340726,1.1685271765057048,0.8476685630979044
3.9977272487087525,16.669265799308075,1.176136336918283,0.8391525117032755
3.9774194184924245,16.56989219472953,1.1883993399396333,0.8233354893861751
3.860940817886325,16.52557751757859,1.1945131801350302,0.7995352605745951
3.9417252831066514,16.57668332248135,1.2083331274295368,0.7807045420667531
3.8190941436307484,16.661417384724952,1.2159998274916333,0.7736221228415959
3.555351899921752,16.739301309662647,1.2352369034894655,0.7764060143515652
3.3651832099253647,16.882673925021752,1.238769712439843,0.7694969476371611
3.1187594776858245,16.978201795386926,1.2338659821594928,0.7637596814594394
3.1415021359245636,17.15413541269724,1.2556445653019128,0.7346348783173797
2.927196518867876,17.162639554302718,1.274313409905407,0.7203664448981592
2.9420700622976645,17.108383924793344,1.2831708766321537,0.7078330436698093
3.0558075658884625,17.14437760932341,1.299202853293569,0.7125516222518876
2.897757348461529,17.27016826087597,1.3045481608284617,0.7019011313007423
2.8835174638194667,17.308245571460066,1.30658102314743,0.6856935803405686
2.896344178875743,17.43103426188364,1.3135309395597252,0.6719220685496812
3.0397116592404356,17.389834358171157,1.3375328672631015,0.6723235548450276
3.0029449213449895,17.40676570704204,1.3520316249678337,0.6684727065957877
2.7821620636419175,17.56586475439535,1.3744802697231042,0.6628131723134445
2.609849754472717,17.826341900956407,1.3746442587220622,0.6581286304038598
2.5730005309406976,17.84795308329671,1.381696694026202,0.65622635801121
2.435039821305366,17.977662733824435,1.407503837562143,0.6383091320314228
2.367306251784263,18.122133701610554,1.4144672816153072,0.6278796389941746
2.3740714285771096,18.06307928275554,1.4131201943194043,0.6083838554984847
2.4714281874733586,17.82904173995142,1.4364265187781906,0.5938678809097584
2.45806319707799,17.81268815325559,1.434570248268008,0.5704086885045012
2.357262934612369,17.767353698616617,1.442370723984974,0.548568288866902
2.352836337557233,17.629417241775343,1.4531384556581073,0.5393626773796935
2.253265978925726,17.529260493052124,1.4726828727179346,0.5351991891493926
2.062611415519198,17.60448910351703,1.4734688018199154,0.5284751383869019
1.9148622322392916,17.744994877996973,1.4787088375753923,0.5171903487150258
1.931559429638514,17.8038955333581,1.4856781311191276,0.5134944790074414
1.9349541703201096,18.025080570899874,1.4964093854596359,0.5154306365417228
1.8066408698593506,18.261504818463493,1.5079858106178214,0.5063509785742276
1.7990885279537998,18.34651589360497,1.5209289068097065,0.49704334746054174
1.6752290972470967,18.24165404200526,1.541478430359642,0.48257914967871085
1.7782543470781684,18.150297252388363,1.5747952414979187,0.4685981467504994
1.582736573332056,18.223635998801342,1.573774470443428,0.4543040625801599
1.5410089918046979,18.182580714804335,1.5785787310779658,0.45278840283477545
1.5615546277619459,18.17962347296274,1.5831439401145244,0.44518637671143496
1.424746453471746,18.362217056654842,1.5737362644541975,0.43157017944697396
1.2695733615910842,18.47530599709234,1.568327577725305,0.42005672235809477
1.2759827337078722,18.615052309793175,1.5735811078295003,0.3913542459521133
1.380649786280831,18.75007527966149,1.5827591974357793,0.38178648914852903
1.2410749516895054,18.98541797080634,1.5830567091916157,0.37509452906934226
1.1524158447537984,18.957630234883336,1.5929095973208538,0.3618684420964694
1.2926580887573618,19.018565762755177,1.6124857171744433,0.3560539826878462
1.305848072151462,19.3064081849319,1.6330202174714972,0.3468794613806757
1.2304162323582994,19.454396393839126,1.6474593348173372,0.3423472106934475
1.092798933657348,19.608187766085145,1.6538286185711313,0.34027904288584027
1.3224307174378005,19.563432333213466,1.6574648654402837,0.34632760917272637
1.3667402580172419,19.46217364641526,1.6725384670775654,0.34461183687015867
1.3621574241707357,19.466989481160926,1.6705717278267467,0.32830017894471686
1.183108273964994,19.364283775093554,1.689097603670963,0.32202368284321414
1.2770341421380338,19.338493239862558,1.704896894442845,0.3060125882424927
1.3369525895276433,19.244159548421102,1.7129848643805279,0.31033415219453675
1.0705794697785487,19.125242546076716,1.7158256659994426,0.30115160842492783
0.9363366593000513,19.0947926138304,1.7274722050359217,0.2964402498676741
1.0115666906142247,19.13495131197576,1.734277161941144,0.28710011880485253
0.7805872343109196,19.333454873513368,1.7471572497343248,0.2726645424261029
0.5506564687817789,19.332147819647975,1.7570328825318846,0.2632075125111502
0.45463652823667366,19.421603645026803,1.7739505620489784,0.2574022761056694
0.44449307633522556,19.467668361886002,1.7724542483843502,0.2500318032288114
0.33497270586368394,19.292315786677737,1.7757109511378604,0.24527948901334554
0.3830779933577991,19.26707980425307,1.782007573151585,0.23282981222246266
0.4064653254128697,19.195183002360608,1.787209938617672,0.22070506034133683
