t,X1,Y1,X2,Y2,x_1,y_1,x_2,y_2
1.2202450980392157,1354,702,993,857,390.5,48,29.5,-107
1.2369607843137256,1352,692,983,826,388.5,58,19.5,-76
1.2536764705882353,1351,688,978,813,387.5,62,14.5,-63
1.2703921568627452,1352,680,968,769,388.5,70,4.5,-19
1.287107843137255,1351,673,961,739,387.5,77,-2.5,11
1.3038235294117648,1351,669,960,719,387.5,81,-3.5,31
1.3205392156862743,1349,668,958,702,385.5,82,-5.5,48
1.3372549019607844,1349,665,956,665,385.5,85,-7.5,85
1.353970588235294,1347,661,954,636,383.5,89,-9.5,114
1.3706862745098038,1348,658,957,615,384.5,92,-6.5,135
1.3874019607843138,1344,657,960,594,380.5,93,-3.5,156
1.4041176470588237,1344,656,964,576,380.5,94,0.5,174
1.4208333333333334,1344,656,964,567,380.5,94,0.5,183
1.437549019607843,1344,657,972,544,380.5,93,8.5,206
1.454264705882353,1346,660,976,528,382.5,90,12.5,222
1.4709803921568627,1346,664,988,505,382.5,86,24.5,245
1.4876960784313726,1346,665,995,490,382.5,85,31.5,260
1.5044117647058823,1348,668,1005,476,384.5,82,41.5,274
1.5211274509803925,1349,672,1015,468,385.5,78,51.5,282
1.537843137254902,1352,673,1019,460,388.5,77,55.5,290
1.554558823529412,1351,681,1033,449,387.5,69,69.5,301
1.5712745098039216,1352,683,1039,447,388.5,67,75.5,303
1.5879901960784315,1352,692,1055,434,388.5,58,91.5,316
1.6047058823529412,1352,699,1068,432,388.5,51,104.5,318
1.621421568627451,1352,708,1080,429,388.5,42,116.5,321
1.6381372549019608,1352,711,1085,429,388.5,39,121.5,321
1.6548529411764703,1356,728,1103,428,392.5,22,139.5,322
1.6715686274509804,1357,738,1114,429,393.5,12,150.5,321
1.68828431372549,1356,751,1129,432,392.5,-1,165.5,318
1.705,1357,759,1140,433,393.5,-9,176.5,317
1.7217156862745098,1356,768,1146,436,392.5,-18,182.5,314
1.7384313725490197,1355,787,1167,445,391.5,-37,203.5,305
1.7551470588235294,1352,800,1177,450,388.5,-50,213.5,300
1.771862745098039,1352,810,1185,458,388.5,-60,221.5,292
1.788578431372549,1345,836,1206,468,381.5,-86,242.5,282
1.805294117647059,1344,848,1218,480,380.5,-98,254.5,270
1.8220098039215689,1336,869,1229,492,372.5,-119,265.5,258
1.8387254901960783,1332,889,1244,506,368.5,-139,280.5,244
1.8554411764705885,1326,903,1255,520,362.5,-153,291.5,230
1.872156862745098,1313,927,1272,536,349.5,-177,308.5,214
1.888872549019608,1305,944,1286,553,341.5,-194,322.5,197
1.9055882352941176,1294,968,1298,574,330.5,-218,334.5,176
1.9223039215686275,1281,983,1312,592,317.5,-233,348.5,158
1.9390196078431372,1263,1002,1325,615,299.5,-252,361.5,135
1.9557352941176471,1247,1019,1338,640,283.5,-269,374.5,110
1.9724509803921568,1231,1036,1352,662,267.5,-286,388.5,88
1.9891666666666667,1222,1046,1360,676,258.5,-296,396.5,74
2.0058823529411764,1193,1071,1377,720,229.5,-321,413.5,30
2.022598039215686,1176,1082,1386,748,212.5,-332,422.5,2
2.0393137254901963,1158,1092,1398,782,194.5,-342,434.5,-32
2.056029411764706,1140,1100,1408,816,176.5,-350,444.5,-66
2.0727450980392157,1130,1105,1414,837,166.5,-355,450.5,-87
2.0894607843137254,1102,1119,1426,898,138.5,-369,462.5,-148
2.1061764705882355,1089,1121,1431,935,125.5,-371,467.5,-185
2.1228921568627452,1072,1127,1435,982,108.5,-377,471.5,-232
2.139607843137255,1066,1131,1437,1007,102.5,-381,473.5,-257
2.1563235294117646,1047,1133,1436,1073,83.5,-383,472.5,-323
2.1730392156862743,1041,1136,1431,1126,77.5,-386,467.5,-376
2.1897549019607845,1033,1135,1424,1180,69.5,-385,460.5,-430
2.206470588235294,1031,1136,1415,1224,67.5,-386,451.5,-474
2.223186274509804,1032,1136,1398,1281,68.5,-386,434.5,-531
2.2399019607843136,1034,1136,1391,1303,70.5,-386,427.5,-553
2.2566176470588237,1048,1135,1357,1377,84.5,-385,393.5,-627
2.2733333333333334,1064,1129,1323,1424,100.5,-379,359.5,-674
2.290049019607843,1083,1123,1281,1463,119.5,-373,317.5,-713
2.306764705882353,1105,1118,1233,1487,141.5,-368,269.5,-737
2.323480392156863,1128,1108,1184,1495,164.5,-358,220.5,-745
2.3401960784313727,1139,1101,1135,1493,175.5,-351,171.5,-743
2.3569117647058824,1147,1095,1102,1488,183.5,-345,138.5,-738
2.373627450980392,1159,1091,1023,1460,195.5,-341,59.5,-710
2.390343137254902,1160,1089,969,1433,196.5,-339,5.5,-683
2.407058823529412,1159,1091,926,1408,195.5,-341,-37.5,-658
2.4237745098039216,1149,1096,870,1373,185.5,-346,-93.5,-623
2.4404901960784313,1141,1100,833,1345,177.5,-350,-130.5,-595
2.457205882352941,1127,1107,793,1313,163.5,-357,-170.5,-563
2.473921568627451,1110,1114,753,1279,146.5,-364,-210.5,-529
2.490637254901961,1089,1122,716,1245,125.5,-372,-247.5,-495
2.5073529411764706,1069,1127,687,1214,105.5,-377,-276.5,-464
2.5240686274509803,1042,1134,651,1180,78.5,-384,-312.5,-430
2.5407843137254904,1030,1137,640,1168,66.5,-387,-323.5,-418
2.5575,980,1143,589,1116,16.5,-393,-374.5,-366
2.57421568627451,967,1142,576,1103,3.5,-392,-387.5,-353
2.5909313725490195,922,1143,535,1059,-41.5,-393,-428.5,-309
2.6076470588235297,905,1138,526,1048,-58.5,-388,-437.5,-298
2.6243627450980394,860,1129,485,1007,-103.5,-379,-478.5,-257
2.641078431372549,825,1117,459,982,-138.5,-367,-504.5,-232
2.6577941176470588,799,1105,437,958,-164.5,-355,-526.5,-208
2.674509803921569,767,1089,405,933,-196.5,-339,-558.5,-183
2.6912254901960786,741,1073,384,913,-222.5,-323,-579.5,-163
2.7079411764705883,715,1055,358,896,-248.5,-305,-605.5,-146
2.724656862745098,695,1035,338,879,-268.5,-285,-625.5,-129
2.7413725490196077,673,1012,310,860,-290.5,-262,-653.5,-110
2.758088235294118,654,991,290,845,-309.5,-241,-673.5,-95
2.7748039215686275,643,976,276,840,-320.5,-226,-687.5,-90
2.7915196078431372,620,937,245,817,-343.5,-187,-718.5,-67
2.808235294117647,608,908,226,806,-355.5,-158,-737.5,-56
2.824950980392157,593,878,209,797,-370.5,-128,-754.5,-47
2.841666666666667,584,849,199,790,-379.5,-99,-764.5,-40
2.8583823529411765,575,817,184,783,-388.5,-67,-779.5,-33
2.875098039215686,576,802,183,780,-387.5,-52,-780.5,-30
2.8918137254901963,572,753,181,775,-391.5,-3,-782.5,-25
2.908529411764706,574,720,183,772,-389.5,30,-780.5,-22
2.9252450980392157,577,688,191,768,-386.5,62,-772.5,-18
2.9419607843137254,582,661,205,768,-381.5,89,-758.5,-18
2.958676470588235,589,640,217,765,-374.5,110,-746.5,-15
2.9753921568627453,592,626,226,764,-371.5,124,-737.5,-14
2.992107843137255,605,596,251,763,-358.5,154,-712.5,-13
3.0088235294117647,611,579,266,764,-352.5,171,-697.5,-14
3.0255392156862744,624,559,288,764,-339.5,191,-675.5,-14
3.0422549019607845,631,548,304,767,-332.5,202,-659.5,-17
3.058970588235294,633,539,312,767,-330.5,211,-651.5,-17
3.075686274509804,642,528,331,770,-321.5,222,-632.5,-20
3.0924019607843136,651,513,360,775,-312.5,237,-603.5,-25
3.109117647058824,658,506,379,779,-305.5,244,-584.5,-29
3.1258333333333335,663,496,399,785,-300.5,254,-564.5,-35
3.142549019607843,672,492,421,791,-291.5,258,-542.5,-41
3.159264705882353,674,487,439,800,-289.5,263,-524.5,-50
3.175980392156863,677,481,452,804,-286.5,269,-511.5,-54
3.1926960784313727,684,476,483,817,-279.5,274,-480.5,-67
3.2094117647058824,685,475,503,824,-278.5,275,-460.5,-74
3.226127450980392,687,475,530,834,-276.5,275,-433.5,-84
3.242843137254902,687,475,550,842,-276.5,275,-413.5,-92
3.259558823529412,685,476,570,849,-278.5,274,-393.5,-99
3.2762745098039217,685,477,585,856,-278.5,273,-378.5,-106
3.2929901960784314,680,480,607,866,-283.5,270,-356.5,-116
3.309705882352941,672,488,642,879,-291.5,262,-321.5,-129
3.326421568627451,667,495,664,887,-296.5,255,-299.5,-137
3.343137254901961,659,503,691,894,-304.5,247,-272.5,-144
3.3598529411764706,650,515,715,903,-313.5,235,-248.5,-153
3.3765686274509803,640,527,737,906,-323.5,223,-226.5,-156
3.3932843137254904,638,533,746,908,-325.5,217,-217.5,-158
3.41,623,560,780,916,-340.5,190,-183.5,-166
3.42671568627451,611,580,801,918,-352.5,170,-162.5,-168
3.4434313725490195,601,601,823,924,-362.5,149,-140.5,-174
3.4601470588235297,594,624,841,927,-369.5,126,-122.5,-177
3.4768627450980394,585,651,862,930,-378.5,99,-101.5,-180
3.493578431372549,580,677,877,933,-383.5,73,-86.5,-183
3.510294117647059,575,695,887,935,-388.5,55,-76.5,-185
3.5270098039215685,573,743,913,940,-390.5,7,-50.5,-190
3.543725490196078,574,779,928,945,-389.5,-29,-35.5,-195
3.5604411764705883,576,810,943,949,-387.5,-60,-20.5,-199
3.577156862745098,583,847,959,956,-380.5,-97,-4.5,-206
3.5938725490196077,595,883,978,965,-368.5,-133,14.5,-215
3.610588235294118,600,899,986,971,-363.5,-149,22.5,-221
3.627303921568627,625,948,1016,986,-338.5,-198,52.5,-236
3.6440196078431377,646,980,1038,999,-317.5,-230,74.5,-249
3.660735294117647,668,1008,1058,1011,-295.5,-258,94.5,-261
3.677450980392157,693,1034,1088,1028,-270.5,-284,124.5,-278
3.694166666666667,722,1059,1114,1042,-241.5,-309,150.5,-292
3.710882352941177,734,1069,1126,1050,-229.5,-319,162.5,-300
3.727598039215686,778,1095,1169,1077,-185.5,-345,205.5,-327
3.744313725490196,810,1111,1202,1096,-153.5,-361,238.5,-346
3.761029411764706,838,1121,1231,1113,-125.5,-371,267.5,-363
3.777745098039216,872,1133,1265,1134,-91.5,-383,301.5,-384
3.7944607843137255,887,1135,1282,1143,-76.5,-385,318.5,-393
3.811176470588235,924,1140,1311,1167,-39.5,-390,347.5,-417
3.8278921568627458,973,1143,1362,1203,9.5,-393,398.5,-453
3.844607843137255,1012,1142,1393,1228,48.5,-392,429.5,-478
3.8613235294117647,1045,1137,1421,1250,81.5,-387,457.5,-500
3.8780392156862744,1085,1122,1447,1280,121.5,-372,483.5,-530
3.894754901960785,1111,1117,1460,1292,147.5,-367,496.5,-542
3.9114705882352943,1167,1086,1479,1321,203.5,-336,515.5,-571
3.928186274509804,1211,1055,1484,1338,247.5,-305,520.5,-588
3.9449019607843137,1247,1024,1477,1340,283.5,-274,513.5,-590
3.961617647058824,1280,985,1457,1332,316.5,-235,493.5,-582
3.9783333333333335,1294,960,1447,1324,330.5,-210,483.5,-574
3.995049019607843,1323,907,1409,1294,359.5,-157,445.5,-544
4.011764705882353,1335,880,1386,1269,371.5,-130,422.5,-519
4.028480392156863,1344,848,1359,1241,380.5,-98,395.5,-491
4.045196078431372,1350,819,1332,1212,386.5,-69,368.5,-462
4.061911764705882,1352,796,1305,1184,388.5,-46,341.5,-434
4.078627450980393,1356,785,1293,1172,392.5,-35,329.5,-422
4.095343137254902,1356,754,1257,1134,392.5,-4,293.5,-384
4.112058823529412,1356,734,1232,1105,392.5,16,268.5,-355
4.128774509803922,1355,716,1206,1078,391.5,34,242.5,-328
4.145490196078431,1353,708,1194,1067,389.5,42,230.5,-317
4.162205882352941,1351,687,1157,1028,387.5,63,193.5,-278
4.178921568627451,1349,673,1131,1000,385.5,77,167.5,-250
4.1956372549019605,1344,662,1107,972,380.5,88,143.5,-222
4.212352941176471,1344,652,1084,947,380.5,98,120.5,-197
4.229068627450981,1345,650,1073,935,381.5,100,109.5,-185
4.2457843137254905,1341,643,1045,900,377.5,107,81.5,-150
4.2625,1342,641,1025,873,378.5,109,61.5,-123
4.27921568627451,1338,639,1013,856,374.5,111,49.5,-106
4.29593137254902,1339,639,993,817,375.5,111,29.5,-67
4.312647058823529,1340,639,980,793,376.5,111,16.5,-43
4.329362745098039,1341,641,973,778,377.5,109,9.5,-28
4.346078431372549,1341,645,960,742,377.5,105,-3.5,8
4.362794117647059,1344,651,957,714,380.5,99,-6.5,36
4.379509803921569,1346,657,954,687,382.5,93,-9.5,63
4.396225490196079,1347,663,954,663,383.5,87,-9.5,87
4.412941176470588,1349,670,957,640,385.5,80,-6.5,110
4.429656862745098,1351,679,961,618,387.5,71,-2.5,132
4.446372549019608,1351,681,968,605,387.5,69,4.5,145
4.4630882352941175,1352,688,973,587,388.5,62,9.5,163
4.479803921568627,1352,703,988,560,388.5,47,24.5,190
4.496519607843138,1355,710,999,544,391.5,40,35.5,206
4.5132352941176475,1357,720,1012,529,393.5,30,48.5,221
4.529950980392157,1356,728,1025,518,392.5,22,61.5,232
4.546666666666667,1359,740,1040,504,395.5,10,76.5,246
4.563382352941177,1356,750,1058,495,392.5,0,94.5,255
4.580098039215686,1357,756,1066,492,393.5,-6,102.5,258
4.596813725490196,1357,773,1093,482,393.5,-23,129.5,268
4.613529411764706,1357,777,1099,481,393.5,-27,135.5,269
4.630245098039215,1353,796,1126,476,389.5,-46,162.5,274
4.646960784313726,1352,809,1146,476,388.5,-59,182.5,274
4.663676470588236,1351,820,1164,476,387.5,-70,200.5,274
4.680392156862745,1347,836,1184,478,383.5,-86,220.5,272
4.697107843137255,1346,842,1197,480,382.5,-92,233.5,270
4.713823529411765,1341,855,1216,484,377.5,-105,252.5,266
4.7305392156862744,1334,878,1244,497,370.5,-128,280.5,253
4.747254901960784,1332,884,1257,501,368.5,-134,293.5,249
4.763970588235294,1325,907,1285,517,361.5,-157,321.5,233
4.780686274509804,1318,921,1307,529,354.5,-171,343.5,221
4.797401960784314,1311,937,1327,545,347.5,-187,363.5,205
4.814117647058824,1305,944,1336,550,341.5,-194,372.5,200
4.8308333333333335,1293,964,1367,579,329.5,-214,403.5,171
4.847549019607843,1284,978,1389,601,320.5,-228,425.5,149
4.864264705882353,1273,993,1407,621,309.5,-243,443.5,129
4.880980392156863,1264,1003,1427,648,300.5,-253,463.5,102
4.897696078431372,1252,1015,1449,676,288.5,-265,485.5,74
4.914411764705882,1248,1022,1455,690,284.5,-272,491.5,60
4.931127450980393,1232,1037,1484,735,268.5,-287,520.5,15
4.947843137254902,1221,1047,1501,772,257.5,-297,537.5,-22
4.964558823529412,1216,1052,1507,788,252.5,-302,543.5,-38
4.981274509803922,1207,1059,1523,828,243.5,-309,559.5,-78
4.997990196078431,1193,1068,1542,888,229.5,-318,578.5,-138
5.014705882352941,1186,1072,1550,927,222.5,-322,586.5,-177
5.031421568627451,1180,1076,1559,973,216.5,-326,595.5,-223
5.0481372549019605,1176,1079,1565,1024,212.5,-329,601.5,-274
5.064852941176471,1175,1082,1567,1066,211.5,-332,603.5,-316
5.081568627450981,1174,1081,1565,1117,210.5,-331,601.5,-367
5.0982843137254905,1178,1079,1559,1169,214.5,-329,595.5,-419
5.115,1182,1076,1549,1216,218.5,-326,585.5,-466
5.13171568627451,1191,1072,1530,1264,227.5,-322,566.5,-514
5.14843137254902,1201,1063,1504,1312,237.5,-313,540.5,-562
5.165147058823529,1211,1057,1472,1348,247.5,-307,508.5,-598
5.181862745098039,1223,1045,1429,1378,259.5,-295,465.5,-628
5.198578431372549,1233,1037,1375,1400,269.5,-287,411.5,-650
5.215294117647059,1237,1033,1328,1413,273.5,-283,364.5,-663
5.232009803921569,1238,1031,1274,1421,274.5,-281,310.5,-671
5.248725490196079,1238,1032,1214,1423,274.5,-282,250.5,-673
5.265441176470588,1233,1035,1159,1420,269.5,-285,195.5,-670
5.282156862745098,1228,1040,1109,1417,264.5,-290,145.5,-667
5.298872549019608,1217,1049,1061,1408,253.5,-299,97.5,-658
5.3155882352941175,1204,1061,1007,1400,240.5,-311,43.5,-650
5.332303921568627,1186,1072,954,1390,222.5,-322,-9.5,-640
5.349019607843138,1166,1088,904,1377,202.5,-338,-59.5,-627
5.3657352941176475,1145,1097,860,1367,181.5,-347,-103.5,-617
5.382450980392157,1118,1112,813,1355,154.5,-362,-150.5,-605
5.399166666666667,1087,1120,767,1342,123.5,-370,-196.5,-592
5.415882352941177,1056,1131,721,1330,92.5,-381,-242.5,-580
5.432598039215686,1042,1137,702,1327,78.5,-387,-261.5,-577
5.449313725490196,993,1141,637,1310,29.5,-391,-326.5,-560
5.466029411764706,961,1141,601,1300,-2.5,-391,-362.5,-550
5.482745098039215,922,1140,559,1290,-41.5,-390,-404.5,-540
5.499460784313726,884,1135,519,1281,-79.5,-385,-444.5,-531
5.516176470588236,848,1125,485,1275,-115.5,-375,-478.5,-525
5.532892156862745,810,1111,449,1264,-153.5,-361,-514.5,-514
5.549607843137255,791,1104,435,1262,-172.5,-354,-528.5,-512
5.566323529411765,738,1071,389,1248,-225.5,-321,-574.5,-498
5.5830392156862745,717,1054,373,1243,-246.5,-304,-590.5,-493
5.599754901960784,668,1008,343,1225,-295.5,-258,-620.5,-475
5.616470588235294,642,976,330,1212,-321.5,-226,-633.5,-462
5.633186274509804,617,935,324,1193,-346.5,-185,-639.5,-443
5.649901960784314,600,894,320,1169,-363.5,-144,-643.5,-419
5.666617647058824,587,863,321,1149,-376.5,-113,-642.5,-399
5.683333333333334,579,824,327,1121,-384.5,-74,-636.5,-371
5.700049019607843,574,793,331,1099,-389.5,-43,-632.5,-349
5.716764705882353,573,762,338,1072,-390.5,-12,-625.5,-322
5.733480392156863,573,725,342,1044,-390.5,25,-621.5,-294
5.750196078431372,576,714,347,1033,-387.5,36,-616.5,-283
5.766911764705882,581,672,357,994,-382.5,78,-606.5,-244
5.783627450980393,585,646,367,971,-378.5,104,-596.5,-221
5.800343137254902,594,624,375,947,-369.5,126,-588.5,-197
5.817058823529412,599,603,378,925,-364.5,147,-585.5,-175
5.833774509803922,609,581,389,904,-354.5,169,-574.5,-154
5.8504901960784315,621,562,394,884,-342.5,188,-569.5,-134
5.867205882352941,629,545,403,864,-334.5,205,-560.5,-114
5.883921568627451,639,528,411,847,-324.5,222,-552.5,-97
5.900637254901961,650,514,416,829,-313.5,236,-547.5,-79
5.91735294117647,656,505,422,821,-307.5,245,-541.5,-71
5.934068627450981,672,488,433,798,-291.5,262,-530.5,-48
5.9507843137254905,685,475,443,785,-278.5,275,-520.5,-35
5.9675,693,465,450,772,-270.5,285,-513.5,-22
5.98421568627451,701,461,455,765,-262.5,289,-508.5,-15
6.00093137254902,716,447,466,748,-247.5,303,-497.5,2
6.017647058823529,725,441,472,740,-238.5,309,-491.5,10
6.034362745098039,735,432,481,732,-228.5,318,-482.5,18
6.051078431372549,745,426,489,723,-218.5,324,-474.5,27
6.067794117647059,752,419,496,716,-211.5,331,-467.5,34
6.084509803921569,757,416,501,713,-206.5,334,-462.5,37
6.101225490196079,771,409,514,705,-192.5,341,-449.5,45
6.117941176470588,776,406,521,704,-187.5,344,-442.5,46
6.134656862745098,785,402,530,699,-178.5,348,-433.5,51
6.151372549019608,788,401,535,698,-175.5,349,-428.5,52
6.1680882352941175,798,394,550,695,-165.5,356,-413.5,55
6.184803921568627,805,392,557,697,-158.5,358,-406.5,53
6.201519607843137,808,391,565,696,-155.5,359,-398.5,54
6.2182352941176475,814,390,573,698,-149.5,360,-390.5,52
6.234950980392157,817,389,584,702,-146.5,361,-379.5,48
6.251666666666667,822,385,594,704,-141.5,365,-369.5,46
6.268382352941177,824,385,601,707,-139.5,365,-362.5,43
6.285098039215686,824,384,610,712,-139.5,366,-353.5,38
6.301813725490196,826,383,618,716,-137.5,367,-345.5,34
6.318529411764706,827,385,633,724,-136.5,365,-330.5,26
6.335245098039215,826,385,645,731,-137.5,365,-318.5,19
6.351960784313726,825,383,656,738,-138.5,367,-307.5,12
6.368676470588236,823,383,667,745,-140.5,367,-296.5,5
6.385392156862745,822,385,674,749,-141.5,365,-289.5,1
6.402107843137255,814,388,695,759,-149.5,362,-268.5,-9
6.418823529411765,813,389,703,767,-150.5,361,-260.5,-17
6.4355392156862745,807,392,711,772,-156.5,358,-252.5,-22
6.452254901960784,798,395,731,784,-165.5,355,-232.5,-34
6.468970588235294,789,399,744,790,-174.5,351,-219.5,-40
6.485686274509804,780,405,757,796,-183.5,345,-206.5,-46
6.502401960784314,770,411,773,802,-193.5,339,-190.5,-52
6.519117647058824,760,416,784,810,-203.5,334,-179.5,-60
6.535833333333334,752,420,790,812,-211.5,330,-173.5,-62
6.552549019607843,732,434,813,820,-231.5,316,-150.5,-70
6.569264705882353,722,444,824,822,-241.5,306,-139.5,-72
6.585980392156863,704,457,838,825,-259.5,293,-125.5,-75
6.602696078431372,691,469,850,828,-272.5,281,-113.5,-78
6.619411764705882,677,484,860,830,-286.5,266,-103.5,-80
6.636127450980393,661,501,871,832,-302.5,249,-92.5,-82
6.652843137254902,656,510,877,833,-307.5,240,-86.5,-83
6.669558823529412,634,540,890,836,-329.5,210,-73.5,-86
6.686274509803922,621,562,897,841,-342.5,188,-66.5,-91
6.7029901960784315,607,588,907,842,-356.5,162,-56.5,-92
6.719705882352941,597,612,912,844,-366.5,138,-51.5,-94
6.736421568627451,586,640,920,848,-377.5,110,-43.5,-98
6.753137254901961,583,656,924,851,-380.5,94,-39.5,-101
6.76985294117647,576,700,934,861,-387.5,50,-29.5,-111
6.786568627450981,574,735,941,869,-389.5,15,-22.5,-119
6.803284313725491,572,768,949,879,-391.5,-18,-14.5,-129
6.82,574,798,957,888,-389.5,-48,-6.5,-138
6.83671568627451,582,835,969,899,-381.5,-85,5.5,-149
6.85343137254902,592,870,981,911,-371.5,-120,17.5,-161
6.870147058823529,603,901,993,926,-360.5,-151,29.5,-176
6.886862745098039,618,935,1010,941,-345.5,-185,46.5,-191
6.903578431372549,637,967,1028,958,-326.5,-217,64.5,-208
6.920294117647059,656,992,1048,976,-307.5,-242,84.5,-226
6.937009803921569,683,1024,1073,997,-280.5,-274,109.5,-247
6.953725490196079,690,1030,1081,1002,-273.5,-280,117.5,-252
6.9704411764705885,715,1054,1109,1023,-248.5,-304,145.5,-273
6.987156862745098,760,1083,1149,1054,-203.5,-333,185.5,-304
7.003872549019608,784,1097,1175,1073,-179.5,-347,211.5,-323
7.020588235294118,801,1106,1192,1087,-162.5,-356,228.5,-337
7.037303921568627,826,1119,1218,1108,-137.5,-369,254.5,-358
7.054019607843137,879,1133,1270,1153,-84.5,-383,306.5,-403
7.070735294117648,907,1140,1296,1174,-56.5,-390,332.5,-424
7.087450980392157,922,1140,1313,1187,-41.5,-390,349.5,-437
7.104166666666667,977,1141,1360,1233,13.5,-391,396.5,-483
7.120882352941177,1015,1139,1388,1264,51.5,-389,424.5,-514
7.137598039215686,1032,1135,1399,1277,68.5,-385,435.5,-527
7.154313725490196,1093,1121,1432,1320,129.5,-371,468.5,-570
7.171029411764706,1137,1103,1445,1344,173.5,-353,481.5,-594
7.1877450980392155,1178,1080,1448,1362,214.5,-330,484.5,-612
7.204460784313726,1222,1046,1440,1371,258.5,-296,476.5,-621
7.221176470588236,1260,1008,1421,1364,296.5,-258,457.5,-614
7.2378921568627455,1272,992,1414,1357,308.5,-242,450.5,-607
7.254607843137255,1297,954,1388,1337,333.5,-204,424.5,-587
7.271323529411765,1320,912,1352,1304,356.5,-162,388.5,-554
7.288039215686275,1333,883,1325,1272,369.5,-133,361.5,-522
7.304754901960784,1342,855,1299,1243,378.5,-105,335.5,-493
7.321470588235294,1350,829,1271,1211,386.5,-79,307.5,-461
7.338186274509804,1352,808,1249,1186,388.5,-58,285.5,-436
7.354901960784314,1354,799,1237,1171,390.5,-49,273.5,-421
7.371617647058824,1357,766,1195,1122,393.5,-16,231.5,-372
7.388333333333334,1356,751,1173,1097,392.5,-1,209.5,-347
7.405049019607843,1357,734,1146,1066,393.5,16,182.5,-316
7.421764705882353,1356,722,1126,1041,392.5,28,162.5,-291
7.438480392156863,1352,709,1103,1008,388.5,41,139.5,-258
7.455196078431372,1354,703,1092,997,390.5,47,128.5,-247
7.471911764705882,1351,693,1059,954,387.5,57,95.5,-204
7.488627450980392,1352,687,1038,924,388.5,63,74.5,-174
7.505343137254902,1350,684,1019,893,386.5,66,55.5,-143
7.522058823529412,1350,680,1004,866,386.5,70,40.5,-116
7.538774509803922,1350,681,994,849,386.5,69,30.5,-99
7.555490196078432,1350,684,978,809,386.5,66,14.5,-59
7.572205882352941,1351,688,973,791,387.5,62,9.5,-41
7.588921568627451,1351,692,965,748,387.5,58,1.5,2
7.605637254901961,1352,698,961,718,388.5,52,-2.5,32
7.62235294117647,1353,701,961,703,389.5,49,-2.5,47
7.639068627450981,1353,711,965,667,389.5,39,1.5,83
7.655784313725491,1356,718,970,641,392.5,32,6.5,109
7.6725,1356,724,978,620,392.5,26,14.5,130
7.68921568627451,1356,734,989,596,392.5,16,25.5,154
7.70593137254902,1357,744,1001,577,393.5,6,37.5,173
7.722647058823529,1357,746,1006,568,393.5,4,42.5,182
7.739362745098039,1357,756,1024,550,393.5,-6,60.5,200
7.756078431372549,1358,767,1046,528,394.5,-17,82.5,222
7.772794117647059,1356,780,1065,515,392.5,-30,101.5,235
7.789509803921569,1357,788,1081,506,393.5,-38,117.5,244
7.806225490196079,1353,793,1093,502,389.5,-43,129.5,248
7.8229411764705885,1351,810,1124,490,387.5,-60,160.5,260
7.839656862745098,1351,819,1143,486,387.5,-69,179.5,264
7.856372549019608,1349,830,1166,484,385.5,-80,202.5,266
7.873088235294118,1345,842,1190,481,381.5,-92,226.5,269
7.889803921568627,1343,852,1208,484,379.5,-102,244.5,266
7.906519607843137,1341,860,1222,485,377.5,-110,258.5,265
7.923235294117648,1336,876,1254,492,372.5,-126,290.5,258
7.939950980392157,1332,888,1277,498,368.5,-138,313.5,252
7.956666666666667,1327,900,1301,508,363.5,-150,337.5,242
7.973382352941177,1322,913,1325,520,358.5,-163,361.5,230
7.990098039215686,1320,918,1337,525,356.5,-168,373.5,225
8.006813725490197,1311,936,1368,549,347.5,-186,404.5,201
8.023529411764706,1304,945,1391,561,340.5,-195,427.5,189
8.040245098039216,1298,957,1416,582,334.5,-207,452.5,168
8.056960784313725,1290,967,1438,604,326.5,-217,474.5,146
8.073676470588236,1282,979,1460,628,318.5,-229,496.5,122
8.090392156862745,1280,982,1470,640,316.5,-232,506.5,110
8.107107843137255,1271,998,1502,678,307.5,-248,538.5,72
8.123823529411764,1264,1004,1519,710,300.5,-254,555.5,40
8.140539215686275,1256,1012,1538,742,292.5,-262,574.5,8
8.157254901960785,1248,1020,1556,777,284.5,-270,592.5,-27
8.173970588235294,1242,1027,1573,817,278.5,-277,609.5,-67
8.190686274509805,1239,1030,1580,834,275.5,-280,616.5,-84
8.207401960784313,1236,1033,1593,872,272.5,-283,629.5,-122
8.224117647058824,1230,1038,1609,934,266.5,-288,645.5,-184
8.240833333333333,1229,1042,1617,980,265.5,-292,653.5,-230
8.257549019607843,1229,1042,1621,1030,265.5,-292,657.5,-280
8.274264705882354,1230,1040,1621,1071,266.5,-290,657.5,-321
8.290980392156863,1234,1035,1617,1121,270.5,-285,653.5,-371
8.307696078431373,1239,1032,1605,1173,275.5,-282,641.5,-423
8.324411764705882,1241,1028,1597,1195,277.5,-278,633.5,-445
8.341127450980393,1253,1015,1561,1258,289.5,-265,597.5,-508
8.357843137254902,1261,1006,1525,1297,297.5,-256,561.5,-547
8.374558823529412,1265,1000,1489,1324,301.5,-250,525.5,-574
8.391274509803921,1271,995,1440,1350,307.5,-245,476.5,-600
8.407990196078432,1272,995,1409,1362,308.5,-245,445.5,-612
8.424705882352942,1271,996,1341,1381,307.5,-246,377.5,-631
8.441421568627451,1264,1000,1287,1394,300.5,-250,323.5,-644
8.458137254901962,1260,1006,1230,1399,296.5,-256,266.5,-649
8.47485294117647,1251,1018,1184,1404,287.5,-268,220.5,-654
8.491568627450981,1244,1024,1150,1407,280.5,-274,186.5,-657
8.50828431372549,1232,1036,1107,1407,268.5,-286,143.5,-657
8.525,1206,1058,1032,1409,242.5,-308,68.5,-659
8.54171568627451,1185,1074,978,1407,221.5,-324,14.5,-657
8.55843137254902,1160,1091,927,1408,196.5,-341,-36.5,-658
8.57514705882353,1149,1098,906,1404,185.5,-348,-57.5,-654
8.59186274509804,1119,1110,858,1403,155.5,-360,-105.5,-653
8.60857843137255,1070,1127,791,1400,106.5,-377,-172.5,-650
8.625294117647059,1056,1132,770,1400,92.5,-382,-193.5,-650
8.64200980392157,1002,1140,705,1398,38.5,-390,-258.5,-648
8.658725490196078,960,1142,663,1396,-3.5,-392,-300.5,-646
8.675441176470589,919,1140,621,1392,-44.5,-390,-342.5,-642
8.692156862745097,884,1134,586,1391,-79.5,-384,-377.5,-641
8.708872549019608,839,1122,550,1385,-124.5,-372,-413.5,-635
8.725588235294119,802,1106,520,1380,-161.5,-356,-443.5,-630
8.742303921568627,776,1095,502,1376,-187.5,-345,-461.5,-626
8.759019607843138,740,1073,480,1368,-223.5,-323,-483.5,-618
8.775735294117647,685,1024,452,1339,-278.5,-274,-511.5,-589
8.792450980392157,655,991,438,1318,-308.5,-241,-525.5,-568
8.809166666666666,629,954,425,1288,-334.5,-204,-538.5,-538
8.825882352941177,621,937,421,1276,-342.5,-187,-542.5,-526
8.842598039215686,597,885,412,1231,-366.5,-135,-551.5,-481
8.859313725490196,585,849,405,1198,-378.5,-99,-558.5,-448
8.876029411764707,578,821,399,1169,-385.5,-71,-564.5,-419
8.892745098039216,576,788,394,1138,-387.5,-38,-569.5,-388
8.909460784313726,573,756,391,1105,-390.5,-6,-572.5,-355
8.926176470588235,573,745,389,1092,-390.5,5,-574.5,-342
8.942892156862746,576,706,383,1048,-387.5,44,-580.5,-298
8.959607843137254,577,679,379,1016,-386.5,71,-584.5,-266
8.976323529411765,583,657,374,988,-380.5,93,-589.5,-238
8.993039215686276,587,646,374,976,-376.5,104,-589.5,-226
9.009754901960784,591,627,370,949,-372.5,123,-593.5,-199
9.026470588235297,602,600,366,912,-361.5,150,-597.5,-162
9.043186274509804,610,582,361,884,-353.5,168,-602.5,-134
9.059901960784314,616,565,360,859,-347.5,185,-603.5,-109
9.076617647058823,625,554,357,838,-338.5,196,-606.5,-88
9.093333333333334,634,540,354,817,-329.5,210,-609.5,-67
9.110049019607844,642,529,352,793,-321.5,221,-611.5,-43
9.126764705882351,648,517,352,773,-315.5,233,-611.5,-23
9.143480392156864,658,510,350,754,-305.5,240,-613.5,-4
9.160196078431373,661,501,345,735,-302.5,249,-618.5,15
9.176911764705885,668,495,345,715,-295.5,255,-618.5,35
9.193627450980392,670,492,346,709,-293.5,258,-617.5,41
9.210343137254904,676,486,344,695,-287.5,264,-619.5,55
9.227058823529411,683,477,341,670,-280.5,273,-622.5,80
9.243774509803922,688,474,341,657,-275.5,276,-622.5,93
9.26049019607843,689,470,338,644,-274.5,280,-625.5,106
9.27720588235294,694,468,336,631,-269.5,282,-627.5,119
9.293921568627452,696,465,338,626,-267.5,285,-625.5,124
9.31063725490196,695,463,337,617,-268.5,287,-626.5,133
9.327352941176471,698,461,334,604,-265.5,289,-629.5,146
9.34406862745098,700,460,332,599,-263.5,290,-631.5,151
9.36078431372549,700,459,331,593,-263.5,291,-632.5,157
9.3775,700,459,330,588,-263.5,291,-633.5,162
9.39421568627451,701,459,328,583,-262.5,291,-635.5,167
9.41093137254902,701,460,326,580,-262.5,290,-637.5,170
9.42764705882353,698,463,325,577,-265.5,287,-638.5,173
9.44436274509804,696,465,321,576,-267.5,285,-642.5,174
9.461078431372547,695,464,321,576,-268.5,286,-642.5,174
9.47779411764706,694,468,318,579,-269.5,282,-645.5,171
9.494509803921568,689,471,315,581,-274.5,279,-648.5,169
9.51122549019608,688,473,315,584,-275.5,277,-648.5,166
9.527941176470588,686,476,310,592,-277.5,274,-653.5,158
9.544656862745098,679,480,304,599,-284.5,270,-659.5,151
9.561372549019609,677,482,304,601,-286.5,268,-659.5,149
9.578088235294118,672,488,301,612,-291.5,262,-662.5,138
9.594803921568628,663,495,297,623,-300.5,255,-666.5,127
9.611519607843135,661,503,291,635,-302.5,247,-672.5,115
9.628235294117648,656,506,290,639,-307.5,244,-673.5,111
9.644950980392156,649,518,284,660,-314.5,232,-679.5,90
9.661666666666669,643,528,281,674,-320.5,222,-682.5,76
9.678382352941176,637,534,277,687,-326.5,216,-686.5,63
9.695098039215686,629,544,271,704,-334.5,206,-692.5,46
9.711813725490195,628,552,270,711,-335.5,198,-693.5,39
9.728529411764706,616,573,263,740,-347.5,177,-700.5,10
9.745245098039216,611,582,260,759,-352.5,168,-703.5,-9
9.761960784313723,604,598,256,778,-359.5,152,-707.5,-28
9.778676470588236,597,612,255,798,-366.5,138,-708.5,-48
9.795392156862745,593,623,250,812,-370.5,127,-713.5,-62
9.812107843137255,585,650,246,846,-378.5,100,-717.5,-96
9.828823529411764,581,669,243,868,-382.5,81,-720.5,-118
9.845539215686276,576,680,239,883,-387.5,70,-724.5,-133
9.862254901960783,573,716,239,921,-390.5,34,-724.5,-171
9.878970588235294,571,740,239,943,-392.5,10,-724.5,-193
9.895686274509805,571,739,239,943,-392.5,11,-724.5,-193
9.912401960784312,574,799,240,1000,-389.5,-49,-723.5,-250
9.929117647058824,584,845,244,1039,-379.5,-95,-719.5,-289
9.945833333333333,591,874,251,1065,-372.5,-124,-712.5,-315
9.962549019607843,604,904,257,1088,-359.5,-154,-706.5,-338
9.979264705882352,616,932,268,1110,-347.5,-182,-695.5,-360
9.995980392156865,625,948,275,1121,-338.5,-198,-688.5,-371
10.012696078431372,648,980,293,1148,-315.5,-230,-670.5,-398
10.029411764705882,671,1011,314,1172,-292.5,-261,-649.5,-422
10.046127450980393,698,1040,341,1200,-265.5,-290,-622.5,-450
10.062843137254902,722,1059,365,1218,-241.5,-309,-598.5,-468
10.079558823529412,752,1082,398,1242,-211.5,-332,-565.5,-492
10.09627450980392,798,1106,445,1276,-165.5,-356,-518.5,-526
10.112990196078432,816,1114,466,1286,-147.5,-364,-497.5,-536
10.129705882352942,845,1124,501,1311,-118.5,-374,-462.5,-561
10.146421568627453,873,1132,535,1332,-90.5,-382,-428.5,-582
10.163137254901962,904,1138,577,1356,-59.5,-388,-386.5,-606
10.17985294117647,935,1140,623,1379,-28.5,-390,-340.5,-629
10.19656862745098,970,1141,683,1409,6.5,-391,-280.5,-659
10.21328431372549,983,1141,711,1420,19.5,-391,-252.5,-670
10.23,1008,1139,760,1443,44.5,-389,-203.5,-693
10.24671568627451,1031,1136,815,1464,67.5,-386,-148.5,-714
10.26343137254902,1047,1135,860,1479,83.5,-385,-103.5,-729
10.28014705882353,1067,1128,942,1500,103.5,-378,-21.5,-750
10.29686274509804,1079,1125,1003,1509,115.5,-375,39.5,-759
10.31357843137255,1085,1123,1054,1514,121.5,-373,90.5,-764
10.33029411764706,1088,1121,1080,1514,124.5,-371,116.5,-764
10.34700980392157,1089,1122,1141,1511,125.5,-372,177.5,-761
10.363725490196078,1093,1120,1201,1497,129.5,-370,237.5,-747
10.380441176470589,1093,1120,1257,1476,129.5,-370,293.5,-726
10.397156862745096,1093,1120,1303,1452,129.5,-370,339.5,-702
10.413872549019608,1097,1120,1369,1399,133.5,-370,405.5,-649
10.43058823529412,1099,1119,1392,1377,135.5,-369,428.5,-627
10.447303921568627,1106,1116,1432,1335,142.5,-366,468.5,-585
10.464019607843138,1116,1111,1462,1296,152.5,-361,498.5,-546
10.480735294117649,1126,1108,1490,1256,162.5,-358,526.5,-506
10.497450980392156,1138,1100,1515,1209,174.5,-350,551.5,-459
10.514166666666666,1159,1089,1548,1144,195.5,-339,584.5,-394
10.530882352941177,1169,1083,1560,1119,205.5,-333,596.5,-369
10.547598039215686,1184,1072,1578,1075,220.5,-322,614.5,-325
10.564313725490196,1199,1063,1590,1038,235.5,-313,626.5,-288
10.581029411764709,1215,1051,1605,1001,251.5,-301,641.5,-251
10.597745098039216,1232,1036,1616,960,268.5,-286,652.5,-210
10.614460784313726,1250,1017,1629,916,286.5,-267,665.5,-166
10.631176470588237,1272,993,1640,868,308.5,-243,676.5,-118
10.647892156862746,1285,977,1650,832,321.5,-227,686.5,-82
10.664607843137254,1288,968,1653,817,324.5,-218,689.5,-67
10.681323529411763,1302,948,1659,785,338.5,-198,695.5,-35
10.698039215686276,1317,919,1666,739,353.5,-169,702.5,11
10.714754901960784,1326,903,1670,715,362.5,-153,706.5,35
10.731470588235297,1333,889,1672,699,369.5,-139,708.5,51
10.748186274509804,1335,870,1677,674,371.5,-120,713.5,76
10.764901960784314,1343,849,1680,649,379.5,-99,716.5,101
10.781617647058823,1349,829,1682,624,385.5,-79,718.5,126
10.798333333333334,1353,809,1685,604,389.5,-59,721.5,146
10.815049019607844,1356,785,1686,575,392.5,-35,722.5,175
10.831764705882351,1356,775,1685,564,392.5,-25,721.5,186
10.848480392156864,1356,759,1688,548,392.5,-9,724.5,202
10.865196078431373,1356,743,1687,529,392.5,7,723.5,221
10.881911764705883,1356,727,1685,515,392.5,23,721.5,235
10.898627450980392,1351,704,1685,494,387.5,46,721.5,256
10.915343137254904,1354,691,1682,481,390.5,59,718.5,269
10.932058823529411,1352,684,1682,476,388.5,66,718.5,274
10.948774509803922,1349,671,1681,465,385.5,79,717.5,285
10.96549019607843,1345,663,1681,459,381.5,87,717.5,291
10.98220588235294,1346,653,1681,449,382.5,97,717.5,301
10.998921568627452,1341,646,1678,444,377.5,104,714.5,306
11.01563725490196,1339,639,1679,437,375.5,111,715.5,313
11.032352941176471,1338,631,1676,432,374.5,119,712.5,318
11.04906862745098,1335,627,1677,431,371.5,123,713.5,319
11.06578431372549,1334,624,1673,424,370.5,126,709.5,326
11.0825,1333,620,1673,425,369.5,130,709.5,325
11.09921568627451,1332,616,1672,424,368.5,134,708.5,326
11.11593137254902,1332,615,1672,424,368.5,135,708.5,326
11.13264705882353,1332,616,1672,424,368.5,134,708.5,326
11.14936274509804,1332,615,1674,424,368.5,135,710.5,326
11.166078431372547,1332,617,1676,425,368.5,133,712.5,325
11.18279411764706,1335,620,1677,431,371.5,130,713.5,319
11.199509803921568,1335,623,1679,431,371.5,127,715.5,319
11.21622549019608,1336,628,1681,439,372.5,122,717.5,311
11.232941176470588,1339,633,1681,444,375.5,117,717.5,306
11.249656862745098,1341,639,1685,454,377.5,111,721.5,296
11.266372549019607,1344,652,1687,463,380.5,98,723.5,287
11.283088235294118,1345,658,1688,470,381.5,92,724.5,280
11.299803921568628,1348,668,1690,480,384.5,82,726.5,270
11.316519607843135,1353,684,1695,496,389.5,66,731.5,254
11.333235294117648,1351,691,1696,502,387.5,59,732.5,248
11.349950980392157,1353,712,1700,524,389.5,38,736.5,226
11.366666666666667,1356,716,1700,531,392.5,34,736.5,219
11.383382352941176,1356,741,1701,556,392.5,9,737.5,194
11.400098039215688,1357,748,1702,562,393.5,2,738.5,188
11.416813725490195,1357,767,1702,582,393.5,-17,738.5,168
11.433529411764706,1354,791,1702,612,390.5,-41,738.5,138
11.450245098039217,1352,802,1703,625,388.5,-52,739.5,125
11.466960784313724,1348,828,1703,658,384.5,-78,739.5,92
11.483676470588236,1343,850,1699,684,379.5,-100,735.5,66
11.500392156862745,1342,857,1695,694,378.5,-107,731.5,56
11.517107843137255,1335,880,1695,722,371.5,-130,731.5,28
11.533823529411764,1328,900,1690,753,364.5,-150,726.5,-3
11.550539215686277,1313,928,1682,797,349.5,-178,718.5,-47
11.567254901960784,1303,948,1677,832,339.5,-198,713.5,-82
11.583970588235294,1295,957,1672,844,331.5,-207,708.5,-94
11.600686274509805,1286,975,1666,876,322.5,-225,702.5,-126
11.617401960784314,1271,991,1656,912,307.5,-241,692.5,-162
11.634117647058824,1258,1009,1645,950,294.5,-259,681.5,-200
11.650833333333331,1245,1023,1635,984,281.5,-273,671.5,-234
11.667549019607844,1229,1039,1622,1024,265.5,-289,658.5,-274
11.684264705882352,1206,1058,1597,1085,242.5,-308,633.5,-335
11.700980392156865,1197,1063,1586,1113,233.5,-313,622.5,-363
11.717696078431374,1185,1075,1570,1147,221.5,-325,606.5,-397
11.734411764705882,1168,1084,1546,1193,204.5,-334,582.5,-443
11.751127450980391,1150,1096,1507,1257,186.5,-346,543.5,-507
11.767843137254902,1145,1099,1495,1276,181.5,-349,531.5,-526
11.784558823529412,1133,1105,1460,1320,169.5,-355,496.5,-570
11.80127450980392,1122,1109,1422,1362,158.5,-359,458.5,-612
11.817990196078432,1118,1111,1384,1396,154.5,-361,420.5,-646
11.83470588235294,1110,1116,1317,1447,146.5,-366,353.5,-697
11.851421568627453,1105,1118,1264,1472,141.5,-368,300.5,-722
11.868137254901962,1102,1119,1241,1484,138.5,-369,277.5,-734
11.88485294117647,1097,1121,1183,1503,133.5,-371,219.5,-753
11.90156862745098,1092,1120,1122,1511,128.5,-370,158.5,-761
11.91828431372549,1084,1123,1071,1516,120.5,-373,107.5,-766
11.935,1073,1130,1007,1513,109.5,-380,43.5,-763
11.95171568627451,1052,1133,927,1504,88.5,-383,-36.5,-754
11.96843137254902,1038,1134,877,1492,74.5,-384,-86.5,-742
11.98514705882353,1026,1137,845,1486,62.5,-387,-118.5,-736
12.00186274509804,1016,1139,822,1479,52.5,-389,-141.5,-729
12.01857843137255,983,1140,746,1455,19.5,-390,-217.5,-705
12.03529411764706,955,1141,695,1436,-8.5,-391,-268.5,-686
12.05200980392157,928,1140,646,1416,-35.5,-390,-317.5,-666
12.068725490196078,901,1138,607,1396,-62.5,-388,-356.5,-646
12.085441176470589,855,1129,544,1364,-108.5,-379,-419.5,-614
12.102156862745096,824,1116,503,1342,-139.5,-366,-460.5,-592
12.118872549019608,810,1111,485,1333,-153.5,-361,-478.5,-583
12.13558823529412,775,1093,442,1305,-188.5,-343,-521.5,-555
12.152303921568627,751,1079,416,1287,-212.5,-329,-547.5,-537
12.169019607843138,721,1056,385,1264,-242.5,-306,-578.5,-514
12.185735294117649,692,1032,357,1236,-271.5,-282,-606.5,-486
12.202450980392156,655,990,321,1198,-308.5,-240,-642.5,-448
12.219166666666666,645,977,313,1186,-318.5,-227,-650.5,-436
12.235882352941177,624,943,293,1158,-339.5,-193,-670.5,-408
12.252598039215686,608,912,280,1129,-355.5,-162,-683.5,-379
12.269313725490196,597,884,270,1101,-366.5,-134,-693.5,-351
12.286029411764709,583,841,255,1055,-380.5,-91,-708.5,-305
12.302745098039216,576,812,247,1025,-387.5,-62,-716.5,-275
12.319460784313726,573,788,242,998,-390.5,-38,-721.5,-248
12.336176470588237,573,760,240,967,-390.5,-10,-723.5,-217
12.352892156862746,573,745,238,950,-390.5,5,-725.5,-200
12.369607843137254,573,726,236,923,-390.5,24,-727.5,-173
12.386323529411763,575,702,234,895,-388.5,48,-729.5,-145
12.403039215686274,581,673,234,855,-382.5,77,-729.5,-105
12.419754901960784,582,664,231,843,-381.5,86,-732.5,-93
12.436470588235297,584,648,233,816,-379.5,102,-730.5,-66
12.453186274509804,594,625,232,778,-369.5,125,-731.5,-28
12.469901960784314,594,620,232,766,-369.5,130,-731.5,-16
12.486617647058823,599,605,232,744,-364.5,145,-731.5,6
12.503333333333334,604,596,234,724,-359.5,154,-729.5,26
12.520049019607844,607,583,234,703,-356.5,167,-729.5,47
12.536764705882351,613,575,237,681,-350.5,175,-726.5,69
12.553480392156864,620,562,239,653,-343.5,188,-724.5,97
12.570196078431373,622,559,238,646,-341.5,191,-725.5,104
12.586911764705883,626,550,240,620,-337.5,200,-723.5,130
12.603627450980392,629,548,239,609,-334.5,202,-724.5,141
12.620343137254904,633,543,242,598,-330.5,207,-721.5,152
12.637058823529411,636,540,246,577,-327.5,210,-717.5,173
12.653774509803922,637,535,245,565,-326.5,215,-718.5,185
12.67049019607843,637,535,245,560,-326.5,215,-718.5,190
12.68720588235294,639,532,247,550,-324.5,218,-716.5,200
12.703921568627452,640,532,247,541,-323.5,218,-716.5,209
12.72063725490196,640,530,248,533,-323.5,220,-715.5,217
12.737352941176471,639,530,247,524,-324.5,220,-716.5,226
12.75406862745098,639,532,246,517,-324.5,218,-717.5,233
12.77078431372549,638,533,246,511,-325.5,217,-717.5,239
12.7875,638,535,245,513,-325.5,215,-718.5,237
12.80421568627451,633,537,245,508,-330.5,213,-718.5,242
12.82093137254902,635,539,243,507,-328.5,211,-720.5,243
12.83764705882353,632,543,241,505,-331.5,207,-722.5,245
12.85436274509804,628,551,239,506,-335.5,199,-724.5,244
12.871078431372547,623,556,231,506,-340.5,194,-732.5,244
12.88779411764706,624,560,233,509,-339.5,190,-730.5,241
12.904509803921568,617,567,231,511,-346.5,183,-732.5,239
12.92122549019608,615,573,226,518,-348.5,177,-737.5,232
12.937941176470588,613,578,224,521,-350.5,172,-739.5,229
12.954656862745098,607,592,218,527,-356.5,158,-745.5,223
12.971372549019607,601,600,215,536,-362.5,150,-748.5,214
12.988088235294118,597,612,211,544,-366.5,138,-752.5,206
13.004803921568628,591,633,205,559,-372.5,117,-758.5,191
13.021519607843135,586,645,202,571,-377.5,105,-761.5,179
13.038235294117648,584,660,200,583,-379.5,90,-763.5,167
13.054950980392157,582,670,197,593,-381.5,80,-766.5,157
13.071666666666667,575,696,193,612,-388.5,54,-770.5,138
13.088382352941176,575,703,191,620,-388.5,47,-772.5,130
13.105098039215688,573,734,192,646,-390.5,16,-771.5,104
13.121813725490195,574,742,192,653,-389.5,8,-771.5,97
13.138529411764706,573,764,191,673,-390.5,-14,-772.5,77
13.155245098039217,574,784,193,692,-389.5,-34,-770.5,58
13.171960784313724,576,816,196,724,-387.5,-66,-767.5,26
13.188676470588236,583,841,201,751,-380.5,-91,-762.5,-1
13.205392156862745,584,852,204,761,-379.5,-102,-759.5,-11
13.222107843137255,592,879,213,794,-371.5,-129,-750.5,-44
13.238823529411764,601,900,218,814,-362.5,-150,-745.5,-64
13.255539215686277,611,920,225,842,-352.5,-170,-738.5,-92
13.272254901960784,624,945,237,873,-339.5,-195,-726.5,-123
13.288970588235294,637,967,249,905,-326.5,-217,-714.5,-155
13.305686274509805,659,996,269,955,-304.5,-246,-694.5,-205
13.322401960784314,664,1004,275,970,-299.5,-254,-688.5,-220
13.339117647058824,674,1016,284,992,-289.5,-266,-679.5,-242
13.355833333333331,716,1053,324,1072,-247.5,-303,-639.5,-322
13.372549019607844,717,1055,327,1079,-246.5,-305,-636.5,-329
13.389264705882352,744,1075,358,1136,-219.5,-325,-605.5,-386
13.405980392156865,762,1086,380,1172,-201.5,-336,-583.5,-422
13.422696078431374,774,1094,399,1202,-189.5,-344,-564.5,-452
13.439411764705882,795,1104,430,1249,-168.5,-354,-533.5,-499
13.456127450980391,809,1112,460,1283,-154.5,-362,-503.5,-533
13.472843137254902,825,1118,490,1320,-138.5,-368,-473.5,-570
13.489558823529412,839,1121,528,1361,-124.5,-371,-435.5,-611
13.50627450980392,850,1125,570,1399,-113.5,-375,-393.5,-649
13.522990196078432,854,1127,589,1414,-109.5,-377,-374.5,-664
13.53970588235294,866,1130,661,1462,-97.5,-380,-302.5,-712
13.556421568627451,874,1132,714,1489,-89.5,-382,-249.5,-739
13.573137254901962,879,1135,772,1512,-84.5,-385,-191.5,-762
13.58985294117647,884,1134,824,1521,-79.5,-384,-139.5,-771
13.60656862745098,887,1135,856,1525,-76.5,-385,-107.5,-775
13.62328431372549,898,1136,944,1525,-65.5,-386,-19.5,-775
13.64,902,1138,998,1518,-61.5,-388,34.5,-768
13.65671568627451,916,1140,1056,1504,-47.5,-390,92.5,-754
13.67343137254902,929,1140,1112,1488,-34.5,-390,148.5,-738
13.690147058823529,944,1141,1160,1472,-19.5,-391,196.5,-722
13.70686274509804,967,1142,1212,1447,3.5,-392,248.5,-697
13.72357843137255,990,1141,1264,1423,26.5,-391,300.5,-673
13.74029411764706,1009,1140,1303,1402,45.5,-390,339.5,-652
13.75700980392157,1036,1136,1349,1373,72.5,-386,385.5,-623
13.773725490196078,1063,1127,1391,1345,99.5,-377,427.5,-595
13.790441176470589,1089,1120,1426,1321,125.5,-370,462.5,-571
13.807156862745098,1106,1117,1451,1306,142.5,-367,487.5,-556
13.823872549019608,1135,1103,1487,1276,171.5,-353,523.5,-526
13.84058823529412,1173,1082,1532,1239,209.5,-332,568.5,-489
13.857303921568628,1201,1065,1563,1212,237.5,-315,599.5,-462
13.874019607843138,1223,1045,1590,1188,259.5,-295,626.5,-438
13.890735294117649,1249,1020,1614,1160,285.5,-270,650.5,-410
13.907450980392158,1262,1005,1630,1144,298.5,-255,666.5,-394
13.924166666666666,1293,964,1659,1106,329.5,-214,695.5,-356
13.940882352941175,1311,932,1676,1076,347.5,-182,712.5,-326
13.957598039215686,1325,907,1687,1053,361.5,-157,723.5,-303
13.974313725490196,1337,874,1698,1023,373.5,-124,734.5,-273
13.991029411764709,1341,861,1701,1012,377.5,-111,737.5,-262
14.007745098039216,1351,816,1710,970,387.5,-66,746.5,-220
14.024460784313726,1356,786,1713,942,392.5,-36,749.5,-192
14.041176470588235,1356,760,1716,918,392.5,-10,752.5,-168
14.057892156862746,1356,748,1716,903,392.5,2,752.5,-153
14.074607843137256,1356,712,1716,864,392.5,38,752.5,-114
14.091323529411763,1351,689,1712,838,387.5,61,748.5,-88
14.108039215686274,1351,678,1712,828,387.5,72,748.5,-78
14.124754901960785,1342,650,1708,793,378.5,100,744.5,-43
14.141470588235295,1338,634,1705,774,374.5,116,741.5,-24
14.158186274509804,1333,617,1701,751,369.5,133,737.5,-1
14.174901960784316,1326,604,1699,732,362.5,146,735.5,18
14.191617647058823,1324,595,1696,721,360.5,155,732.5,29
14.208333333333334,1314,576,1689,692,350.5,174,725.5,58
14.225049019607845,1310,564,1685,675,346.5,186,721.5,75
14.241764705882352,1302,555,1682,658,338.5,195,718.5,92
14.258480392156862,1297,545,1680,646,333.5,205,716.5,104
14.275196078431373,1294,537,1674,630,330.5,213,710.5,120
14.291911764705883,1288,531,1672,619,324.5,219,708.5,131
14.308627450980392,1287,527,1669,612,323.5,223,705.5,138
14.325343137254904,1280,518,1665,596,316.5,232,701.5,154
14.342058823529412,1275,512,1661,586,311.5,238,697.5,164
14.358774509803922,1273,507,1656,578,309.5,243,692.5,172
14.375490196078433,1268,502,1655,570,304.5,248,691.5,180
14.392205882352942,1264,498,1652,563,300.5,252,688.5,187
14.408921568627452,1263,496,1649,559,299.5,254,685.5,191
14.42563725490196,1261,494,1646,556,297.5,256,682.5,194
14.442352941176472,1258,492,1645,552,294.5,258,681.5,198
14.45906862745098,1255,488,1642,553,291.5,262,678.5,197
14.475784313725493,1255,489,1643,549,291.5,261,679.5,201
14.4925,1255,487,1641,552,291.5,263,677.5,198
14.50921568627451,1254,487,1641,554,290.5,263,677.5,196
14.52593137254902,1254,487,1640,553,290.5,263,676.5,197
14.54264705882353,1255,487,1640,561,291.5,263,676.5,189
14.55936274509804,1254,488,1641,563,290.5,262,677.5,187
14.576078431372547,1255,489,1640,567,291.5,261,676.5,183
14.59279411764706,1258,491,1640,575,294.5,259,676.5,175
14.609509803921569,1263,494,1641,582,299.5,256,677.5,168
14.62622549019608,1262,496,1641,593,298.5,254,677.5,157
14.642941176470588,1263,499,1641,604,299.5,251,677.5,146
14.659656862745098,1267,501,1643,609,303.5,249,679.5,141
14.676372549019607,1273,508,1645,628,309.5,242,681.5,122
14.693088235294118,1277,511,1645,644,313.5,239,681.5,106
14.709803921568628,1281,520,1648,658,317.5,230,684.5,92
14.726519607843136,1285,526,1647,673,321.5,224,683.5,77
14.743235294117648,1290,531,1648,688,326.5,219,684.5,62
14.759950980392157,1294,536,1648,699,330.5,214,684.5,51
14.776666666666667,1303,553,1652,727,339.5,197,688.5,23
14.793382352941176,1308,561,1651,749,344.5,189,687.5,1
14.810098039215688,1313,571,1655,770,349.5,179,691.5,-20
14.826813725490195,1320,584,1654,790,356.5,166,690.5,-40
14.843529411764706,1329,601,1656,815,365.5,149,692.5,-65
14.860245098039217,1332,614,1655,838,368.5,136,691.5,-88
14.876960784313724,1341,633,1655,864,377.5,117,691.5,-114
14.893676470588236,1344,652,1655,890,380.5,98,691.5,-140
14.910392156862745,1349,673,1655,920,385.5,77,691.5,-170
14.927107843137255,1351,689,1655,940,387.5,61,691.5,-190
14.943823529411764,1356,713,1652,968,392.5,37,688.5,-218
14.960539215686277,1356,728,1652,986,392.5,22,688.5,-236
14.977254901960784,1356,766,1648,1029,392.5,-16,684.5,-279
14.993970588235294,1356,778,1646,1042,392.5,-28,682.5,-292
15.010686274509805,1351,814,1642,1077,387.5,-64,678.5,-327
15.027401960784314,1344,849,1635,1108,380.5,-99,671.5,-358
15.044117647058824,1330,890,1626,1147,366.5,-140,662.5,-397
15.060833333333331,1314,928,1616,1176,350.5,-178,652.5,-426
15.077549019607844,1299,956,1605,1199,335.5,-206,641.5,-449
15.094264705882352,1276,991,1589,1225,312.5,-241,625.5,-475
15.110980392156865,1246,1023,1567,1249,282.5,-273,603.5,-499
15.127696078431374,1221,1046,1542,1269,257.5,-296,578.5,-519
15.144411764705882,1186,1073,1514,1289,222.5,-323,550.5,-539
15.161127450980391,1150,1096,1480,1309,186.5,-346,516.5,-559
15.177843137254902,1120,1110,1448,1324,156.5,-360,484.5,-574
15.194558823529412,1089,1121,1415,1337,125.5,-371,451.5,-587
15.21127450980392,1047,1134,1368,1362,83.5,-384,404.5,-612
15.227990196078432,1032,1136,1350,1368,68.5,-386,386.5,-618
15.24470588235294,988,1143,1293,1390,24.5,-393,329.5,-640
15.261421568627451,955,1140,1248,1405,-8.5,-390,284.5,-655
15.278137254901962,925,1141,1198,1423,-38.5,-391,234.5,-673
15.29485294117647,900,1136,1157,1434,-63.5,-386,193.5,-684
15.31156862745098,884,1133,1126,1441,-79.5,-383,162.5,-691
15.32828431372549,850,1124,1050,1461,-113.5,-374,86.5,-711
15.345,832,1120,1002,1472,-131.5,-370,38.5,-722
15.36171568627451,814,1113,946,1482,-149.5,-363,-17.5,-732
15.37843137254902,801,1105,889,1488,-162.5,-355,-74.5,-738
15.395147058823529,790,1102,830,1490,-173.5,-352,-133.5,-740
15.41186274509804,785,1100,802,1488,-178.5,-350,-161.5,-738
15.42857843137255,779,1097,752,1487,-184.5,-347,-211.5,-737
15.44529411764706,776,1095,667,1472,-187.5,-345,-296.5,-722
15.46200980392157,775,1095,604,1446,-188.5,-345,-359.5,-696
15.478725490196078,776,1095,560,1420,-187.5,-345,-403.5,-670
15.495441176470589,779,1096,513,1386,-184.5,-346,-450.5,-636
15.512156862745098,779,1096,482,1351,-184.5,-346,-481.5,-601
15.528872549019608,777,1095,445,1306,-186.5,-345,-518.5,-556
15.545588235294115,774,1092,419,1264,-189.5,-342,-544.5,-514
15.562303921568628,767,1089,395,1216,-196.5,-339,-568.5,-466
15.579019607843138,757,1084,375,1164,-206.5,-334,-588.5,-414
15.595735294117649,753,1082,367,1145,-210.5,-332,-596.5,-395
15.612450980392158,738,1070,344,1076,-225.5,-320,-619.5,-326
15.629166666666666,726,1061,336,1030,-237.5,-311,-627.5,-280
15.645882352941175,715,1054,329,992,-248.5,-304,-634.5,-242
15.662598039215686,702,1039,322,947,-261.5,-289,-641.5,-197
15.679313725490196,687,1029,318,903,-276.5,-279,-645.5,-153
15.696029411764709,678,1017,315,868,-285.5,-267,-648.5,-118
15.712745098039216,663,1001,312,829,-300.5,-251,-651.5,-79
15.729460784313726,658,996,313,813,-305.5,-246,-650.5,-63
15.746176470588235,641,974,312,761,-322.5,-224,-651.5,-11
15.762892156862746,629,955,313,727,-334.5,-205,-650.5,23
